order_id,customer_id,restaurant_id,order_date,city,order_amount,discount_amount,delivery_fee,payment_mode,order_status,delivery_time_min,food_cost,delivery_cost
1,1,29,2025-04-20,Delhi,620,0,30,UPI,Delivered,51,258.33,40
2,2,19,2025-01-13,Hyderabad,557,150,50,Cash,Delivered,28,272.79,97
3,3,41,2025-02-03,Bangalore,953,0,50,UPI,Delivered,46,527.73,108
4,3,44,2025-02-03,Bangalore,803,0,30,UPI,Delivered,49,339.63,115
5,3,42,2025-12-24,Bangalore,643,100,30,Card,Delivered,33,241.98,52
6,3,35,2025-12-16,Bangalore,721,0,50,Wallet,Delivered,21,259.57,104
7,4,35,2025-01-07,Pune,641,0,50,UPI,Cancelled,39,262.78,96
8,4,5,2025-02-23,Pune,1609,150,50,Wallet,Delivered,26,614.54,85
9,4,42,2025-01-10,Pune,974,20,40,Cash,Delivered,50,370.65,103
10,5,42,2025-12-29,Hyderabad,504,150,50,UPI,Delivered,32,221.58,94
11,6,14,2025-04-05,Delhi,1267,20,30,Wallet,Delivered,33,518.81,60
12,6,40,2025-08-20,Delhi,745,0,50,Cash,Delivered,28,309.21,72
13,6,35,2025-03-23,Delhi,1207,150,20,Wallet,Delivered,25,514.78,104
14,6,18,2025-12-05,Delhi,930,150,50,Card,Delivered,42,364.72,121
15,6,24,2025-01-13,Delhi,1400,50,50,UPI,Delivered,31,502.65,133
16,6,29,2025-03-16,Delhi,632,150,20,Card,Delivered,22,242.49,116
17,6,10,2025-08-30,Delhi,785,0,20,Cash,Cancelled,49,460.32,107
18,6,44,2025-09-11,Delhi,1476,20,20,UPI,Cancelled,38,793.51,103
19,6,29,2025-11-07,Delhi,1779,100,50,UPI,Delivered,39,732.34,81
20,6,33,2025-10-26,Delhi,1136,0,50,Wallet,Delivered,48,487.19,127
21,6,27,2025-02-02,Delhi,1199,100,40,Cash,Delivered,53,660.22,96
22,6,34,2025-03-14,Delhi,618,0,40,Cash,Delivered,53,355.8,92
23,7,5,2025-09-01,Pune,1670,100,40,UPI,Delivered,34,767.73,52
24,7,29,2025-02-06,Pune,1482,20,20,Card,Delivered,50,683.37,93
25,8,2,2025-10-05,Mumbai,1032,100,30,UPI,Delivered,25,601.25,89
26,8,31,2025-08-18,Mumbai,1205,150,50,Wallet,Delivered,56,451.12,77
27,8,35,2025-05-03,Mumbai,1397,0,30,Cash,Delivered,39,577.89,76
28,8,30,2025-01-07,Mumbai,1589,150,40,Wallet,Delivered,34,717.29,124
29,9,28,2025-01-24,Hyderabad,1025,0,40,UPI,Delivered,51,548.78,140
30,9,22,2025-10-06,Hyderabad,1415,50,40,Card,Delivered,56,815.05,60
31,9,36,2025-01-12,Hyderabad,582,0,40,UPI,Delivered,23,207.79,75
32,9,45,2025-03-06,Hyderabad,1514,20,30,UPI,Delivered,39,695.4,71
33,9,47,2025-03-19,Hyderabad,417,20,40,UPI,Delivered,53,237.68,115
34,9,27,2025-11-20,Hyderabad,799,0,20,Card,Cancelled,21,414.64,123
35,9,38,2025-11-06,Hyderabad,1778,100,50,Cash,Cancelled,51,732.07,138
36,9,6,2025-03-20,Hyderabad,773,0,20,Card,Delivered,37,443.86,51
37,9,49,2025-02-20,Hyderabad,480,100,30,Cash,Cancelled,49,267.38,120
38,9,23,2025-01-12,Hyderabad,586,150,50,Cash,Delivered,41,340.03,67
39,9,39,2025-04-24,Hyderabad,476,50,30,Wallet,Delivered,54,178.38,99
40,10,43,2025-04-16,Bangalore,465,0,30,UPI,Delivered,50,240.64,70
41,11,25,2025-05-05,Pune,1120,50,50,Wallet,Delivered,42,587.05,59
42,11,14,2025-07-04,Pune,658,0,20,Cash,Delivered,16,373.66,86
43,12,15,2025-08-27,Pune,618,150,50,Card,Cancelled,50,294.25,105
44,13,7,2025-08-26,Mumbai,1467,50,40,UPI,Delivered,31,774.06,73
45,14,15,2025-03-17,Pune,1432,100,20,Cash,Delivered,21,844.04,107
46,15,15,2025-07-08,Bangalore,305,50,40,Cash,Delivered,48,169.15,96
47,16,48,2025-06-23,Hyderabad,1086,100,20,Card,Delivered,51,446.82,55
48,16,5,2025-06-07,Hyderabad,415,50,50,UPI,Delivered,31,183.53,123
49,16,7,2025-04-10,Hyderabad,1441,50,30,Card,Delivered,50,677.81,105
50,16,33,2025-08-30,Hyderabad,951,50,50,Cash,Delivered,60,532.6,77
51,16,21,2025-07-06,Hyderabad,1326,20,30,Wallet,Delivered,16,510.71,101
52,16,35,2025-12-12,Hyderabad,721,20,40,Card,Delivered,42,413.06,52
53,16,7,2025-08-13,Hyderabad,912,150,40,Wallet,Delivered,42,327.31,77
54,16,32,2025-04-17,Hyderabad,1487,0,40,Card,Delivered,36,637.14,140
55,16,22,2025-03-08,Hyderabad,958,100,20,UPI,Delivered,17,559.07,130
56,16,7,2025-04-08,Hyderabad,1420,0,20,Cash,Delivered,19,745.93,41
57,16,47,2025-07-09,Hyderabad,743,0,50,Card,Delivered,19,424.28,135
58,16,1,2025-10-09,Hyderabad,398,50,40,Cash,Cancelled,51,149.36,79
59,17,22,2025-06-19,Hyderabad,1733,100,50,Card,Delivered,33,897.73,101
60,18,47,2025-11-17,Hyderabad,1747,150,20,UPI,Delivered,31,855.78,79
61,18,4,2025-03-31,Hyderabad,1225,150,20,Cash,Delivered,39,465.23,130
62,19,14,2025-10-07,Chennai,1044,0,30,Cash,Delivered,26,609.0,118
63,20,3,2025-07-23,Pune,1139,100,50,Wallet,Delivered,52,620.7,97
64,20,29,2025-11-08,Pune,1760,0,40,Card,Delivered,58,1040.78,128
65,20,46,2025-12-27,Pune,388,0,50,Card,Delivered,42,214.87,47
66,20,16,2025-08-28,Pune,584,100,40,Wallet,Delivered,44,261.09,67
67,20,23,2025-05-17,Pune,1313,150,50,Card,Delivered,33,521.36,108
68,20,2,2025-08-13,Pune,1472,20,20,Card,Cancelled,53,825.23,126
69,21,1,2025-03-06,Chennai,354,0,50,Cash,Delivered,32,204.88,90
70,21,12,2025-12-29,Chennai,1719,20,20,Card,Delivered,24,795.23,107
71,21,28,2025-07-29,Chennai,256,20,40,Card,Delivered,15,93.28,63
72,21,27,2025-04-17,Chennai,930,100,50,UPI,Delivered,19,425.4,60
73,21,24,2025-12-18,Chennai,1321,0,20,Wallet,Delivered,40,712.9,48
74,21,29,2025-08-18,Chennai,711,0,40,Card,Delivered,35,313.28,83
75,22,29,2025-04-06,Hyderabad,1376,0,50,Cash,Delivered,44,526.54,43
76,22,20,2025-04-10,Hyderabad,1425,150,30,Cash,Delivered,34,780.51,84
77,23,12,2025-07-21,Delhi,948,150,20,Card,Delivered,18,509.74,108
78,23,5,2025-05-31,Delhi,844,0,40,UPI,Delivered,35,343.72,47
79,23,20,2025-03-02,Delhi,352,0,30,Wallet,Delivered,45,141.16,103
80,24,29,2025-12-11,Mumbai,799,150,40,UPI,Cancelled,26,466.95,50
81,25,48,2025-03-29,Chennai,1691,0,40,Wallet,Delivered,49,1001.9,40
82,26,27,2025-04-29,Hyderabad,331,20,50,UPI,Delivered,15,192.7,67
83,26,9,2025-12-12,Hyderabad,1598,0,30,UPI,Delivered,37,653.93,113
84,26,22,2025-09-13,Hyderabad,692,100,20,UPI,Delivered,37,338.16,87
85,26,49,2025-05-01,Hyderabad,538,150,40,Card,Delivered,55,319.4,109
86,26,44,2025-05-01,Hyderabad,620,0,50,UPI,Cancelled,58,259.09,122
87,27,8,2025-09-11,Pune,1252,50,30,Card,Delivered,43,690.7,52
88,27,18,2025-06-12,Pune,437,20,40,UPI,Delivered,25,169.4,47
89,28,22,2025-07-21,Mumbai,1522,50,40,UPI,Delivered,41,827.72,87
90,28,18,2025-03-17,Mumbai,960,150,20,Card,Delivered,49,406.33,73
91,29,26,2025-05-02,Hyderabad,786,50,20,UPI,Delivered,60,400.16,69
92,29,32,2025-02-15,Hyderabad,875,100,30,Cash,Delivered,21,311.84,128
93,30,36,2025-01-08,Bangalore,561,0,40,UPI,Delivered,40,228.29,55
94,30,33,2025-01-20,Bangalore,819,0,40,UPI,Delivered,16,337.6,106
95,31,3,2025-02-05,Hyderabad,567,100,20,Wallet,Delivered,56,238.5,98
96,32,38,2025-06-25,Bangalore,1434,0,30,Cash,Delivered,58,757.05,63
97,33,16,2025-04-26,Chennai,1286,150,30,Wallet,Delivered,37,760.94,82
98,33,47,2025-05-14,Chennai,290,150,50,UPI,Delivered,26,117.28,91
99,33,14,2025-11-10,Chennai,977,150,40,Card,Delivered,24,418.69,139
100,33,12,2025-10-13,Chennai,1540,100,30,Cash,Delivered,55,847.45,91
101,33,31,2025-05-26,Chennai,994,0,50,Cash,Delivered,25,596.14,48
102,33,19,2025-05-21,Chennai,1692,100,30,Cash,Delivered,49,993.34,139
103,33,1,2025-04-21,Chennai,1680,150,50,Card,Cancelled,18,915.27,80
104,34,44,2025-06-11,Chennai,1615,50,20,Wallet,Delivered,41,603.13,49
105,35,42,2025-03-20,Mumbai,1596,100,30,UPI,Delivered,46,864.62,67
106,35,22,2025-05-28,Mumbai,1702,20,40,Cash,Delivered,60,742.84,58
107,35,30,2025-05-10,Mumbai,1024,50,50,Card,Delivered,45,507.59,88
108,35,8,2025-10-31,Mumbai,881,0,20,UPI,Delivered,37,440.32,101
109,35,30,2025-10-03,Mumbai,709,150,30,Wallet,Delivered,60,355.74,61
110,36,36,2025-08-16,Pune,973,0,50,Cash,Delivered,44,539.3,140
111,36,28,2025-03-17,Pune,1153,0,40,Cash,Cancelled,37,545.4,59
112,37,39,2025-10-24,Bangalore,539,20,40,Wallet,Delivered,30,240.8,111
113,38,17,2025-11-11,Chennai,1628,100,40,Wallet,Delivered,51,971.07,134
114,39,1,2025-06-06,Chennai,1307,150,20,Cash,Delivered,49,758.32,61
115,40,39,2025-01-20,Hyderabad,1651,0,20,Card,Delivered,34,734.54,89
116,41,31,2025-12-13,Delhi,1410,150,20,Wallet,Delivered,43,653.79,69
117,42,38,2025-09-23,Bangalore,1247,20,50,Cash,Delivered,20,713.33,121
118,43,30,2025-10-08,Delhi,335,0,20,Cash,Delivered,25,122.2,52
119,43,21,2025-01-24,Delhi,1406,0,20,Wallet,Delivered,40,533.76,44
120,43,41,2025-06-22,Delhi,486,0,30,UPI,Delivered,34,277.4,64
121,43,40,2025-05-20,Delhi,1357,50,50,Cash,Delivered,39,761.53,135
122,43,29,2025-02-26,Delhi,1037,0,30,UPI,Delivered,43,538.11,72
123,43,46,2025-11-21,Delhi,330,20,50,Wallet,Delivered,32,196.62,73
124,43,26,2025-11-24,Delhi,1311,150,30,UPI,Delivered,25,610.21,123
125,43,38,2025-05-20,Delhi,680,50,40,Card,Delivered,30,397.66,135
126,43,38,2025-06-29,Delhi,917,0,30,Cash,Cancelled,16,444.68,74
127,43,39,2025-03-12,Delhi,1616,100,20,Card,Delivered,18,790.95,100
128,44,27,2025-06-18,Delhi,1202,100,50,Cash,Cancelled,18,669.88,121
129,45,13,2025-11-21,Bangalore,1009,100,20,Cash,Delivered,51,466.02,137
130,46,18,2025-12-26,Pune,1543,150,30,UPI,Delivered,38,865.89,48
131,46,1,2025-08-27,Pune,1161,150,50,UPI,Delivered,25,663.69,52
132,47,11,2025-12-28,Chennai,1011,150,40,Wallet,Delivered,50,383.61,89
133,47,44,2025-07-28,Chennai,298,150,50,Wallet,Delivered,24,156.76,137
134,47,47,2025-12-30,Chennai,1764,100,40,UPI,Delivered,59,858.43,118
135,47,9,2025-03-26,Chennai,688,20,50,UPI,Delivered,42,298.08,115
136,48,6,2025-01-30,Chennai,1554,100,30,Cash,Delivered,42,571.92,84
137,48,31,2025-07-24,Chennai,584,50,30,Cash,Delivered,33,256.73,101
138,48,10,2025-03-05,Chennai,1578,0,20,UPI,Cancelled,23,645.28,117
139,48,3,2025-06-02,Chennai,1024,0,20,UPI,Delivered,19,453.7,95
140,48,18,2025-03-09,Chennai,773,150,40,Cash,Delivered,22,407.42,41
141,49,49,2025-07-09,Mumbai,880,100,20,Card,Cancelled,56,515.67,100
142,50,32,2025-08-05,Mumbai,1449,150,20,Card,Delivered,15,636.99,137
143,51,50,2025-10-18,Bangalore,1277,150,30,UPI,Delivered,24,509.64,50
144,52,15,2025-09-12,Mumbai,1233,100,20,Cash,Delivered,44,549.4,62
145,53,36,2025-09-02,Delhi,982,0,20,Card,Delivered,42,383.58,60
146,53,25,2025-01-27,Delhi,1495,20,50,Card,Delivered,18,625.61,116
147,53,3,2025-09-05,Delhi,1656,100,40,Wallet,Delivered,15,892.63,126
148,54,40,2025-11-13,Delhi,579,100,30,Cash,Cancelled,53,344.81,61
149,55,10,2025-06-06,Delhi,1187,20,20,Card,Delivered,41,681.4,48
150,55,30,2025-06-02,Delhi,1515,50,30,Card,Delivered,35,783.32,132
151,55,38,2025-03-06,Delhi,1181,0,50,Card,Delivered,56,528.98,50
152,56,7,2025-10-24,Mumbai,959,0,20,Cash,Delivered,51,410.96,98
153,57,11,2025-10-18,Pune,748,20,20,Cash,Delivered,57,340.0,100
154,57,27,2025-03-31,Pune,346,50,20,Card,Delivered,27,181.6,85
155,58,36,2025-04-28,Delhi,633,20,50,UPI,Delivered,20,294.53,58
156,59,5,2025-04-10,Mumbai,1708,0,30,UPI,Delivered,44,659.61,42
157,59,46,2025-06-17,Mumbai,1052,50,50,UPI,Delivered,42,492.88,74
158,60,45,2025-12-14,Bangalore,1302,20,20,Wallet,Delivered,46,623.86,119
159,60,45,2025-11-21,Bangalore,903,50,30,Cash,Delivered,52,469.5,86
160,60,46,2025-03-08,Bangalore,692,50,50,UPI,Delivered,53,359.07,66
161,60,21,2025-08-21,Bangalore,1354,50,20,Wallet,Delivered,28,744.49,43
162,60,30,2025-03-23,Bangalore,888,50,30,Card,Delivered,23,341.48,112
163,60,49,2025-07-10,Bangalore,393,0,50,Wallet,Delivered,22,172.66,110
164,60,42,2025-06-27,Bangalore,441,100,20,Wallet,Delivered,58,196.46,109
165,60,22,2025-02-10,Bangalore,1107,0,50,Cash,Delivered,46,519.79,95
166,60,7,2025-01-06,Bangalore,1663,0,40,UPI,Delivered,54,931.89,124
167,61,32,2025-09-17,Mumbai,706,100,50,Wallet,Delivered,60,293.86,45
168,61,25,2025-06-05,Mumbai,870,100,20,UPI,Delivered,47,391.06,78
169,61,44,2025-07-04,Mumbai,1223,50,40,Wallet,Delivered,46,730.2,72
170,61,24,2025-02-23,Mumbai,1419,20,20,Wallet,Delivered,16,843.8,67
171,61,14,2025-05-28,Mumbai,735,0,30,UPI,Delivered,38,424.59,93
172,61,40,2025-12-27,Mumbai,1734,20,40,UPI,Delivered,55,664.1,133
173,61,3,2025-04-28,Mumbai,1304,20,40,UPI,Delivered,47,641.23,53
174,61,39,2025-09-18,Mumbai,292,20,20,UPI,Delivered,57,140.21,65
175,62,23,2025-05-20,Mumbai,497,150,30,UPI,Delivered,17,280.24,78
176,62,45,2025-03-08,Mumbai,606,0,50,Card,Cancelled,17,358.72,106
177,62,1,2025-12-13,Mumbai,330,100,50,UPI,Delivered,18,144.02,102
178,62,1,2025-11-27,Mumbai,528,20,20,Wallet,Delivered,28,230.16,127
179,63,13,2025-12-01,Bangalore,1691,100,40,UPI,Delivered,26,867.6,121
180,63,6,2025-03-07,Bangalore,1405,0,20,Card,Delivered,30,547.14,63
181,63,4,2025-11-20,Bangalore,779,0,20,Cash,Delivered,32,423.29,138
182,64,9,2025-05-07,Chennai,1696,150,20,UPI,Delivered,49,829.81,140
183,65,8,2025-09-09,Bangalore,1636,20,40,UPI,Cancelled,16,882.35,134
184,65,46,2025-08-29,Bangalore,427,100,40,UPI,Delivered,47,172.18,57
185,66,23,2025-09-25,Mumbai,1026,20,40,Card,Delivered,48,562.76,114
186,66,9,2025-05-05,Mumbai,1714,20,50,Cash,Delivered,22,883.63,128
187,67,36,2025-12-19,Hyderabad,1681,100,30,Wallet,Cancelled,45,798.67,66
188,67,43,2025-03-27,Hyderabad,1451,100,50,Cash,Delivered,55,798.13,86
189,68,44,2025-11-02,Delhi,1573,20,50,Cash,Cancelled,47,868.58,99
190,69,8,2025-10-16,Delhi,267,0,30,Wallet,Delivered,33,155.69,43
191,70,24,2025-02-21,Chennai,348,0,30,Wallet,Delivered,35,202.67,61
192,71,12,2025-07-10,Chennai,504,20,20,Wallet,Delivered,54,284.21,103
193,72,6,2025-05-15,Hyderabad,1250,0,40,UPI,Delivered,36,655.66,40
194,72,24,2025-09-12,Hyderabad,771,150,30,Cash,Delivered,45,378.31,62
195,72,46,2025-11-20,Hyderabad,728,150,40,Card,Delivered,21,274.55,105
196,73,49,2025-09-10,Hyderabad,791,0,40,UPI,Delivered,34,293.0,102
197,73,17,2025-04-17,Hyderabad,944,0,20,Wallet,Delivered,38,473.18,61
198,73,17,2025-06-17,Hyderabad,1200,50,20,UPI,Cancelled,60,575.77,136
199,73,6,2025-11-03,Hyderabad,762,50,50,Cash,Delivered,16,309.06,94
200,73,31,2025-04-19,Hyderabad,433,50,30,Cash,Delivered,32,221.27,42
201,73,22,2025-02-05,Hyderabad,458,0,50,Wallet,Delivered,23,224.66,65
202,73,33,2025-02-16,Hyderabad,1460,20,20,Card,Delivered,26,643.85,117
203,74,34,2025-11-01,Chennai,1579,150,50,Cash,Delivered,54,784.52,68
204,75,38,2025-09-29,Bangalore,281,50,20,Wallet,Delivered,17,125.82,86
205,75,17,2025-12-16,Bangalore,538,50,40,Cash,Delivered,59,221.09,96
206,76,46,2025-05-01,Bangalore,517,150,30,Card,Delivered,30,304.89,67
207,77,2,2025-12-04,Mumbai,538,100,20,Wallet,Cancelled,52,252.57,42
208,77,49,2025-04-25,Mumbai,402,150,40,Card,Delivered,23,144.95,56
209,77,10,2025-08-03,Mumbai,583,50,30,Wallet,Delivered,22,212.06,120
210,77,37,2025-12-22,Mumbai,636,0,50,Card,Delivered,48,313.65,102
211,77,46,2025-12-31,Mumbai,538,20,30,Cash,Delivered,59,236.71,140
212,78,22,2025-04-04,Pune,998,0,50,Wallet,Delivered,56,491.37,139
213,78,32,2025-01-05,Pune,571,0,20,UPI,Delivered,46,294.1,49
214,79,26,2025-07-20,Hyderabad,941,100,40,Card,Delivered,23,499.67,77
215,79,48,2025-02-16,Hyderabad,1053,0,40,UPI,Delivered,31,389.3,42
216,80,40,2025-07-08,Hyderabad,1435,50,30,Cash,Delivered,21,559.76,133
217,81,2,2025-12-20,Mumbai,1602,100,40,Wallet,Delivered,19,814.18,101
218,81,35,2025-01-30,Mumbai,950,0,30,UPI,Delivered,31,495.23,122
219,81,26,2025-08-07,Mumbai,942,100,50,Cash,Delivered,25,444.42,126
220,82,40,2025-07-03,Bangalore,492,20,30,UPI,Delivered,33,293.18,83
221,82,38,2025-09-05,Bangalore,1037,100,40,UPI,Delivered,44,609.87,101
222,82,10,2025-12-30,Bangalore,285,0,30,Wallet,Delivered,48,148.41,66
223,83,28,2025-12-26,Delhi,388,100,40,UPI,Delivered,24,155.66,74
224,83,41,2025-12-25,Delhi,898,50,50,Cash,Delivered,45,514.58,89
225,83,49,2025-07-18,Delhi,1095,0,20,UPI,Cancelled,38,574.5,101
226,83,16,2025-11-18,Delhi,1680,20,40,Card,Delivered,38,990.83,43
227,83,24,2025-12-07,Delhi,1548,150,50,Card,Cancelled,58,747.68,87
228,84,30,2025-04-08,Hyderabad,815,100,40,Cash,Delivered,51,390.66,71
229,84,13,2025-05-01,Hyderabad,1169,100,50,Card,Delivered,34,533.93,71
230,84,1,2025-01-04,Hyderabad,1650,0,40,Wallet,Delivered,24,638.06,135
231,84,49,2025-06-19,Hyderabad,1454,20,20,UPI,Delivered,39,825.93,121
232,84,42,2025-07-21,Hyderabad,1042,0,50,UPI,Cancelled,41,453.86,62
233,84,5,2025-05-03,Hyderabad,1674,50,20,UPI,Delivered,47,794.71,99
234,85,38,2025-06-23,Hyderabad,983,0,50,Card,Delivered,41,363.5,54
235,85,48,2025-12-17,Hyderabad,1493,0,30,Cash,Delivered,17,614.41,48
236,85,3,2025-10-02,Hyderabad,940,0,50,UPI,Delivered,31,523.94,102
237,85,31,2025-05-25,Hyderabad,861,150,50,Wallet,Delivered,52,489.91,128
238,85,15,2025-05-29,Hyderabad,270,0,20,Card,Delivered,41,150.82,54
239,85,32,2025-07-25,Hyderabad,713,50,50,Cash,Delivered,54,365.6,49
240,85,2,2025-12-22,Hyderabad,1389,100,50,Wallet,Delivered,25,665.05,127
241,86,48,2025-06-30,Bangalore,1395,0,30,Cash,Cancelled,49,818.05,115
242,86,45,2025-11-14,Bangalore,590,20,40,Wallet,Delivered,56,264.28,105
243,87,20,2025-03-22,Hyderabad,733,150,50,Cash,Delivered,52,416.46,102
244,88,3,2025-07-28,Bangalore,576,0,20,Cash,Cancelled,24,231.91,44
245,88,35,2025-12-02,Bangalore,650,0,50,Card,Delivered,21,355.57,126
246,88,45,2025-04-30,Bangalore,1212,150,50,UPI,Delivered,58,680.04,81
247,88,49,2025-06-10,Bangalore,1029,150,30,Cash,Delivered,29,479.04,88
248,88,4,2025-12-25,Bangalore,406,0,40,Card,Delivered,17,204.26,59
249,88,21,2025-04-07,Bangalore,1520,150,20,Card,Delivered,28,777.13,57
250,89,44,2025-10-27,Mumbai,620,0,40,UPI,Delivered,40,364.16,120
251,90,49,2025-07-19,Delhi,264,50,40,Card,Delivered,21,96.65,103
252,90,9,2025-06-26,Delhi,891,0,20,Wallet,Delivered,38,366.13,42
253,91,6,2025-10-02,Mumbai,1686,0,40,Card,Delivered,37,645.05,112
254,92,9,2025-08-21,Hyderabad,551,50,20,UPI,Cancelled,56,192.89,78
255,92,2,2025-11-12,Hyderabad,1570,100,40,Card,Delivered,15,693.6,77
256,92,41,2025-11-28,Hyderabad,698,100,50,Card,Delivered,25,269.37,75
257,92,10,2025-08-20,Hyderabad,1206,50,30,Card,Delivered,51,612.73,113
258,92,38,2025-10-31,Hyderabad,1597,20,20,Card,Delivered,17,851.47,129
259,92,44,2025-05-03,Hyderabad,1371,0,40,Card,Delivered,33,606.63,95
260,92,50,2025-01-04,Hyderabad,1794,150,20,Cash,Delivered,44,720.37,112
261,92,24,2025-10-27,Hyderabad,857,20,30,Cash,Delivered,15,458.15,140
262,93,14,2025-03-05,Pune,1151,0,20,Card,Delivered,26,409.88,49
263,94,15,2025-04-30,Delhi,1000,20,50,Card,Delivered,22,581.45,132
264,94,12,2025-01-04,Delhi,1393,50,40,UPI,Delivered,49,566.23,87
265,95,38,2025-09-19,Mumbai,1489,50,40,Card,Delivered,24,632.78,73
266,95,26,2025-08-27,Mumbai,801,0,50,Wallet,Delivered,52,293.82,114
267,95,35,2025-10-03,Mumbai,1325,100,40,Card,Delivered,45,695.92,140
268,95,18,2025-10-22,Mumbai,1314,100,50,UPI,Delivered,57,460.6,71
269,95,12,2025-02-02,Mumbai,1305,0,50,Cash,Delivered,16,484.85,40
270,95,37,2025-05-11,Mumbai,1323,50,40,Wallet,Delivered,50,732.21,81
271,95,15,2025-05-29,Mumbai,784,50,20,Wallet,Delivered,51,304.53,90
272,95,39,2025-01-20,Mumbai,1551,50,40,UPI,Cancelled,42,697.3,79
273,95,10,2025-01-02,Mumbai,891,0,40,UPI,Delivered,45,414.18,134
274,96,21,2025-07-02,Hyderabad,885,50,20,Wallet,Delivered,32,486.55,117
275,97,16,2025-06-12,Delhi,912,0,40,UPI,Delivered,54,450.11,81
276,97,48,2025-10-20,Delhi,1352,100,20,UPI,Delivered,33,733.28,76
277,97,21,2025-06-30,Delhi,1725,20,20,Wallet,Delivered,48,695.03,108
278,97,40,2025-03-25,Delhi,864,100,30,Card,Cancelled,31,459.16,93
279,97,37,2025-05-05,Delhi,1300,100,20,Card,Cancelled,35,523.61,104
280,97,26,2025-10-21,Delhi,822,0,50,Card,Delivered,43,333.57,140
281,97,2,2025-04-16,Delhi,762,100,30,Cash,Delivered,15,400.55,57
282,97,25,2025-11-07,Delhi,1434,150,30,Card,Delivered,28,664.07,130
283,97,11,2025-10-28,Delhi,934,100,40,Wallet,Delivered,17,538.32,74
284,98,27,2025-03-03,Hyderabad,715,100,40,Card,Delivered,41,395.96,45
285,99,19,2025-01-28,Bangalore,1373,0,40,Cash,Delivered,15,653.99,110
286,99,5,2025-03-12,Bangalore,1102,20,20,UPI,Delivered,56,559.15,106
287,100,47,2025-01-06,Chennai,529,150,30,Cash,Delivered,60,266.45,113
288,101,31,2025-02-21,Delhi,1475,100,40,UPI,Delivered,59,579.69,55
289,101,46,2025-04-13,Delhi,860,150,50,Card,Cancelled,39,445.59,123
290,102,45,2025-06-24,Delhi,1472,0,30,Card,Cancelled,27,790.07,99
291,103,21,2025-09-03,Chennai,1724,20,50,Wallet,Delivered,46,952.87,53
292,104,19,2025-11-02,Pune,773,0,40,Cash,Delivered,40,429.2,102
293,104,40,2025-02-06,Pune,795,50,30,UPI,Delivered,37,414.91,98
294,104,9,2025-02-03,Pune,1571,20,50,UPI,Delivered,35,803.29,63
295,104,36,2025-06-29,Pune,526,150,40,UPI,Delivered,17,200.83,83
296,104,36,2025-09-06,Pune,986,0,30,Cash,Delivered,28,366.31,104
297,104,37,2025-03-09,Pune,402,0,20,UPI,Delivered,35,183.34,136
298,104,13,2025-07-22,Pune,1399,20,20,UPI,Delivered,45,605.61,50
299,104,44,2025-06-17,Pune,1170,0,40,Card,Delivered,45,424.08,126
300,104,24,2025-06-14,Pune,597,0,40,Cash,Delivered,17,353.11,97
301,104,45,2025-10-09,Pune,381,20,20,Wallet,Delivered,27,207.41,117
302,104,16,2025-09-20,Pune,467,50,50,Wallet,Delivered,21,247.34,129
303,104,34,2025-02-26,Pune,707,50,40,UPI,Delivered,51,311.39,69
304,105,42,2025-11-09,Pune,617,100,50,UPI,Delivered,49,289.16,70
305,105,19,2025-02-13,Pune,751,0,40,Wallet,Cancelled,22,357.31,90
306,106,4,2025-10-21,Pune,942,150,50,Card,Cancelled,49,421.73,76
307,107,37,2025-10-22,Mumbai,603,0,30,Card,Delivered,42,332.51,131
308,108,15,2025-07-01,Chennai,1542,100,40,Wallet,Delivered,52,854.41,121
309,108,41,2025-08-18,Chennai,1740,0,30,Cash,Delivered,16,855.09,60
310,109,25,2025-11-26,Pune,1780,0,20,Cash,Delivered,51,888.66,82
311,110,45,2025-08-18,Bangalore,1702,20,50,UPI,Delivered,32,751.61,118
312,110,7,2025-04-29,Bangalore,256,0,30,Cash,Delivered,46,141.76,135
313,111,25,2025-08-11,Delhi,1061,50,50,Card,Delivered,47,626.39,57
314,111,48,2025-03-15,Delhi,371,150,20,Card,Delivered,52,165.9,79
315,111,8,2025-11-10,Delhi,1777,100,20,Cash,Delivered,27,639.36,80
316,111,47,2025-04-05,Delhi,857,20,40,UPI,Delivered,20,456.95,117
317,111,26,2025-11-14,Delhi,1700,0,40,Cash,Delivered,44,906.55,46
318,111,23,2025-07-27,Delhi,1224,150,20,UPI,Delivered,25,656.05,67
319,111,12,2025-08-09,Delhi,1623,100,20,Card,Delivered,57,936.38,127
320,112,41,2025-11-10,Delhi,1206,0,50,Cash,Delivered,40,560.9,124
321,112,1,2025-01-02,Delhi,452,0,20,Card,Delivered,20,236.56,65
322,113,44,2025-05-14,Hyderabad,1437,50,40,Wallet,Delivered,60,573.1,95
323,113,30,2025-11-09,Hyderabad,289,100,50,Cash,Delivered,23,134.63,133
324,113,45,2025-07-23,Hyderabad,1035,20,30,Wallet,Cancelled,60,593.47,139
325,113,21,2025-07-19,Hyderabad,1153,150,20,Cash,Delivered,26,445.9,91
326,113,48,2025-11-05,Hyderabad,1039,100,30,UPI,Delivered,16,549.06,94
327,114,26,2025-02-16,Hyderabad,306,0,50,Wallet,Cancelled,55,109.43,67
328,115,34,2025-09-24,Pune,256,0,20,UPI,Delivered,54,140.58,51
329,116,46,2025-11-24,Hyderabad,1609,20,50,Cash,Delivered,18,627.01,104
330,117,25,2025-12-15,Delhi,395,0,40,Cash,Delivered,31,148.12,73
331,118,2,2025-12-03,Mumbai,1683,20,50,Card,Delivered,44,910.51,78
332,119,33,2025-07-21,Bangalore,1650,100,40,Wallet,Delivered,36,583.42,87
333,119,16,2025-01-16,Bangalore,906,20,20,Cash,Delivered,44,334.02,106
334,120,15,2025-02-10,Mumbai,1675,150,30,Wallet,Delivered,52,699.07,107
335,120,10,2025-05-03,Mumbai,1356,0,40,Cash,Delivered,50,683.67,140
336,120,5,2025-01-23,Mumbai,1105,20,30,Card,Delivered,50,637.4,125
337,120,8,2025-02-23,Mumbai,398,20,50,Wallet,Delivered,18,194.0,103
338,121,5,2025-11-22,Hyderabad,1781,20,20,Cash,Cancelled,27,645.0,112
339,121,17,2025-03-12,Hyderabad,460,20,40,Wallet,Delivered,49,172.58,123
340,121,7,2025-05-19,Hyderabad,1090,20,30,Card,Delivered,37,433.55,41
341,122,48,2025-08-31,Hyderabad,490,100,40,UPI,Delivered,19,190.66,78
342,122,17,2025-07-30,Hyderabad,1600,0,50,Cash,Delivered,58,806.24,74
343,123,14,2025-10-23,Chennai,1735,0,20,UPI,Delivered,45,1011.83,107
344,123,49,2025-12-03,Chennai,1062,150,40,Cash,Delivered,40,487.86,72
345,123,2,2025-05-01,Chennai,258,100,50,Wallet,Delivered,48,98.67,120
346,124,8,2025-12-06,Bangalore,269,20,30,Cash,Delivered,41,101.12,89
347,125,26,2025-09-27,Bangalore,1237,50,40,Cash,Delivered,58,586.29,98
348,126,45,2025-11-15,Bangalore,849,20,30,Card,Delivered,47,460.1,40
349,126,22,2025-12-20,Bangalore,1223,100,20,Cash,Delivered,47,631.91,125
350,126,25,2025-11-28,Bangalore,1789,150,20,Card,Delivered,58,649.75,85
351,126,19,2025-05-10,Bangalore,1698,50,30,Card,Delivered,55,960.18,42
352,126,16,2025-02-04,Bangalore,253,0,30,Card,Delivered,28,88.71,86
353,126,31,2025-11-15,Bangalore,461,20,20,Card,Delivered,49,234.05,131
354,126,39,2025-05-28,Bangalore,1288,20,50,Wallet,Cancelled,55,635.51,48
355,127,27,2025-10-23,Hyderabad,898,20,20,Wallet,Delivered,31,482.7,79
356,128,9,2025-03-05,Pune,420,0,20,Cash,Delivered,43,152.35,43
357,128,18,2025-11-27,Pune,1150,100,30,UPI,Delivered,52,492.59,96
358,128,10,2025-08-23,Pune,358,150,30,Wallet,Delivered,37,208.71,111
359,128,29,2025-09-01,Pune,1671,50,40,Card,Delivered,41,908.02,112
360,129,6,2025-05-24,Hyderabad,970,0,30,UPI,Delivered,51,465.87,115
361,130,17,2025-01-02,Pune,442,20,40,Wallet,Delivered,52,159.35,41
362,130,37,2025-12-23,Pune,916,100,30,Cash,Delivered,53,358.85,69
363,130,43,2025-07-30,Pune,1548,50,20,Cash,Delivered,58,774.29,126
364,130,26,2025-05-02,Pune,955,50,40,UPI,Delivered,34,554.65,75
365,131,19,2025-09-14,Pune,1249,150,40,Wallet,Delivered,58,633.21,48
366,132,7,2025-05-10,Pune,799,50,30,Card,Delivered,21,452.58,117
367,132,1,2025-10-17,Pune,1406,150,30,UPI,Delivered,51,714.65,94
368,133,9,2025-07-22,Bangalore,278,100,30,Wallet,Delivered,55,147.29,52
369,134,46,2025-11-09,Hyderabad,1082,50,50,Wallet,Cancelled,26,533.06,47
370,134,20,2025-11-28,Hyderabad,839,100,50,Wallet,Delivered,60,503.2,84
371,135,23,2025-05-11,Pune,455,0,40,Card,Delivered,29,268.4,113
372,135,11,2025-05-27,Pune,1440,20,50,UPI,Delivered,54,576.85,85
373,135,35,2025-11-01,Pune,664,150,20,Wallet,Delivered,47,366.41,66
374,135,44,2025-07-18,Pune,1332,100,30,Wallet,Delivered,19,771.0,86
375,135,48,2025-09-01,Pune,1335,20,50,Cash,Delivered,58,597.35,137
376,135,38,2025-04-13,Pune,501,50,20,Card,Delivered,35,251.75,105
377,135,44,2025-05-19,Pune,524,150,20,Card,Delivered,18,195.92,106
378,135,34,2025-09-28,Pune,580,100,40,UPI,Delivered,46,247.56,41
379,135,6,2025-04-08,Pune,721,20,40,UPI,Delivered,24,258.65,70
380,135,15,2025-01-12,Pune,864,100,50,Wallet,Delivered,59,380.93,134
381,135,17,2025-10-27,Pune,1735,0,50,Cash,Delivered,48,759.83,42
382,135,24,2025-08-12,Pune,381,100,40,Wallet,Delivered,54,168.16,71
383,136,3,2025-05-21,Mumbai,587,150,20,UPI,Delivered,26,207.54,101
384,136,17,2025-04-04,Mumbai,589,0,30,Cash,Cancelled,29,228.24,140
385,137,6,2025-06-17,Chennai,431,0,50,UPI,Cancelled,48,176.52,120
386,138,16,2025-06-28,Chennai,1067,0,30,Wallet,Cancelled,57,607.16,106
387,139,39,2025-07-23,Bangalore,1696,20,30,Cash,Delivered,51,887.64,115
388,139,33,2025-07-18,Bangalore,1342,0,20,Cash,Delivered,16,526.48,124
389,139,12,2025-03-18,Bangalore,1711,20,40,UPI,Delivered,59,772.37,79
390,140,24,2025-01-13,Delhi,1534,0,30,Wallet,Delivered,17,709.97,136
391,141,46,2025-05-09,Chennai,403,100,40,Cash,Delivered,53,200.67,48
392,141,38,2025-05-11,Chennai,787,150,30,UPI,Delivered,25,338.83,54
393,141,23,2025-12-21,Chennai,874,50,20,Wallet,Delivered,52,464.48,128
394,141,15,2025-10-06,Chennai,642,100,40,Wallet,Delivered,56,320.81,122
395,142,48,2025-08-31,Hyderabad,1234,20,30,Card,Delivered,49,602.43,76
396,142,42,2025-06-18,Hyderabad,523,0,50,Wallet,Delivered,57,223.79,77
397,143,37,2025-12-08,Mumbai,1061,0,50,UPI,Delivered,52,471.09,132
398,143,8,2025-07-01,Mumbai,917,0,40,UPI,Delivered,25,405.93,93
399,144,27,2025-11-11,Hyderabad,1536,100,20,Wallet,Delivered,55,748.78,115
400,145,31,2025-08-18,Mumbai,556,50,50,UPI,Delivered,36,291.51,109
401,145,15,2025-10-10,Mumbai,977,50,40,Cash,Delivered,23,477.16,105
402,145,16,2025-06-03,Mumbai,746,150,30,Cash,Delivered,25,330.73,97
403,145,6,2025-04-13,Mumbai,1331,50,50,Card,Delivered,31,551.93,61
404,145,25,2025-07-30,Mumbai,364,50,40,UPI,Delivered,28,144.98,54
405,146,29,2025-05-20,Bangalore,469,0,30,Cash,Delivered,37,224.61,101
406,146,42,2025-09-26,Bangalore,1195,20,50,UPI,Delivered,43,649.42,60
407,147,42,2025-12-06,Chennai,1443,0,20,Card,Delivered,42,511.03,109
408,147,26,2025-02-05,Chennai,737,0,20,Cash,Delivered,29,295.87,107
409,147,2,2025-10-04,Chennai,1054,20,50,Wallet,Delivered,18,506.83,127
410,147,1,2025-06-19,Chennai,855,100,20,Wallet,Delivered,50,479.13,112
411,148,13,2025-03-14,Mumbai,1428,20,30,UPI,Delivered,43,606.99,124
412,149,19,2025-04-07,Hyderabad,1078,50,40,Wallet,Delivered,29,595.31,81
413,149,44,2025-10-28,Hyderabad,870,100,20,Wallet,Delivered,15,515.62,134
414,149,36,2025-06-25,Hyderabad,1536,100,20,UPI,Delivered,55,803.6,136
415,149,39,2025-09-25,Hyderabad,544,0,40,UPI,Delivered,30,228.09,72
416,149,40,2025-04-15,Hyderabad,475,0,50,UPI,Delivered,56,271.04,117
417,150,38,2025-02-22,Bangalore,1253,20,40,UPI,Delivered,17,643.88,55
418,151,13,2025-05-17,Chennai,981,150,20,Cash,Cancelled,21,379.2,43
419,152,44,2025-11-14,Pune,1650,150,20,UPI,Delivered,29,647.23,99
420,152,41,2025-01-04,Pune,381,100,20,Card,Delivered,55,177.89,109
421,153,12,2025-07-29,Delhi,1614,20,40,Wallet,Delivered,40,960.81,137
422,153,43,2025-02-15,Delhi,1060,0,40,Card,Delivered,37,475.97,125
423,154,50,2025-12-10,Mumbai,1211,0,50,Wallet,Delivered,35,619.98,49
424,155,35,2025-10-29,Pune,672,150,30,Wallet,Delivered,57,395.76,112
425,155,23,2025-03-14,Pune,951,0,40,UPI,Delivered,18,449.95,106
426,155,1,2025-02-07,Pune,450,100,40,Card,Delivered,22,245.05,50
427,155,11,2025-03-17,Pune,1127,50,30,Card,Delivered,42,478.01,88
428,155,12,2025-06-20,Pune,1781,50,40,Cash,Delivered,49,994.48,114
429,155,33,2025-12-03,Pune,647,100,50,Cash,Delivered,55,315.42,58
430,155,41,2025-10-29,Pune,1580,0,50,Card,Cancelled,17,913.73,65
431,155,27,2025-08-28,Pune,963,50,40,Card,Delivered,52,383.75,134
432,156,14,2025-02-03,Mumbai,1685,0,30,Wallet,Delivered,33,814.22,131
433,156,30,2025-09-06,Mumbai,997,20,30,Cash,Delivered,46,493.72,51
434,156,15,2025-10-29,Mumbai,1116,0,40,Wallet,Delivered,30,643.38,136
435,156,15,2025-11-15,Mumbai,1269,100,20,UPI,Delivered,58,536.05,80
436,157,17,2025-08-07,Pune,1533,0,30,Wallet,Delivered,40,585.62,80
437,158,1,2025-05-05,Pune,1678,0,50,Wallet,Delivered,23,723.14,69
438,158,50,2025-01-26,Pune,1616,0,30,Card,Delivered,57,600.86,137
439,159,19,2025-09-12,Delhi,906,20,50,UPI,Delivered,31,447.4,122
440,160,8,2025-06-04,Pune,1666,0,50,Card,Delivered,41,801.58,123
441,161,48,2025-09-27,Pune,513,150,50,Wallet,Delivered,21,185.38,102
442,162,28,2025-12-18,Delhi,1524,0,30,Cash,Delivered,34,690.29,81
443,162,20,2025-02-02,Delhi,1309,0,20,Wallet,Delivered,33,602.43,68
444,162,20,2025-08-29,Delhi,1286,50,40,Wallet,Delivered,49,561.19,43
445,162,40,2025-12-25,Delhi,675,0,30,Cash,Delivered,47,289.9,63
446,162,42,2025-01-17,Delhi,736,50,40,Wallet,Delivered,45,421.51,88
447,162,45,2025-08-25,Delhi,1681,20,30,Cash,Delivered,35,591.09,77
448,162,19,2025-10-18,Delhi,1673,0,20,Card,Delivered,60,849.78,101
449,162,23,2025-03-31,Delhi,676,150,20,Wallet,Delivered,26,280.09,81
450,162,32,2025-03-24,Delhi,1124,100,20,UPI,Delivered,48,500.91,68
451,163,33,2025-04-07,Bangalore,479,0,20,Card,Delivered,32,187.48,139
452,164,36,2025-11-01,Chennai,924,50,50,Cash,Delivered,43,507.36,117
453,165,35,2025-03-26,Mumbai,1333,150,50,UPI,Cancelled,41,727.39,127
454,166,24,2025-07-02,Delhi,1427,20,30,Wallet,Delivered,60,515.43,66
455,166,40,2025-02-21,Delhi,292,50,30,Card,Delivered,18,165.67,50
456,166,8,2025-06-24,Delhi,278,150,20,UPI,Delivered,32,154.38,76
457,166,41,2025-02-14,Delhi,1189,100,30,Cash,Delivered,39,466.57,45
458,167,30,2025-11-22,Hyderabad,892,150,20,Wallet,Delivered,53,377.43,68
459,167,37,2025-06-02,Hyderabad,668,0,50,UPI,Delivered,31,319.19,41
460,168,29,2025-06-15,Mumbai,1189,0,50,UPI,Delivered,46,463.02,112
461,169,50,2025-10-26,Pune,1555,150,30,Cash,Delivered,24,703.08,133
462,169,49,2025-02-19,Pune,989,0,50,Wallet,Delivered,21,548.27,121
463,170,10,2025-07-19,Hyderabad,840,0,40,UPI,Delivered,26,375.88,135
464,170,49,2025-06-26,Hyderabad,1208,0,50,UPI,Delivered,50,677.07,76
465,171,27,2025-02-26,Mumbai,856,150,40,Card,Delivered,20,492.67,72
466,171,32,2025-07-04,Mumbai,1017,0,30,Cash,Cancelled,26,560.3,72
467,172,21,2025-10-07,Hyderabad,404,100,30,UPI,Delivered,33,234.05,82
468,172,30,2025-06-24,Hyderabad,941,100,50,UPI,Delivered,46,330.9,118
469,172,30,2025-12-13,Hyderabad,1546,100,40,Wallet,Delivered,53,697.68,60
470,172,5,2025-11-13,Hyderabad,1083,150,30,Card,Delivered,21,461.78,93
471,172,17,2025-08-05,Hyderabad,256,20,50,Cash,Delivered,53,142.01,79
472,173,29,2025-05-07,Mumbai,1749,0,40,Card,Cancelled,18,954.68,69
473,173,18,2025-02-11,Mumbai,1757,150,20,Wallet,Delivered,55,727.79,132
474,173,13,2025-06-25,Mumbai,1734,0,30,Wallet,Delivered,34,780.23,78
475,173,39,2025-02-24,Mumbai,799,20,30,Cash,Cancelled,43,352.12,88
476,173,21,2025-08-13,Mumbai,308,150,20,Cash,Cancelled,34,134.86,73
477,174,19,2025-02-21,Delhi,1678,100,20,Card,Delivered,15,872.53,44
478,174,25,2025-03-26,Delhi,298,0,50,Cash,Delivered,25,141.84,135
479,174,26,2025-04-21,Delhi,938,0,30,Cash,Delivered,40,542.56,128
480,175,36,2025-09-21,Mumbai,691,0,50,UPI,Delivered,50,307.81,76
481,175,45,2025-02-06,Mumbai,620,20,20,Card,Delivered,48,309.09,45
482,176,46,2025-07-06,Delhi,1222,0,50,Cash,Delivered,54,572.89,75
483,177,31,2025-08-30,Chennai,1536,50,50,Cash,Delivered,57,715.61,135
484,177,37,2025-02-12,Chennai,1068,150,30,Card,Cancelled,51,585.32,109
485,177,30,2025-10-30,Chennai,1303,0,20,UPI,Delivered,60,727.44,134
486,177,26,2025-09-28,Chennai,1391,0,50,Wallet,Delivered,52,754.86,61
487,177,30,2025-04-16,Chennai,415,50,20,Card,Delivered,21,164.48,108
488,177,12,2025-08-18,Chennai,1643,150,50,Card,Delivered,18,758.04,88
489,177,42,2025-08-22,Chennai,355,20,40,UPI,Delivered,36,202.02,137
490,178,39,2025-06-14,Hyderabad,1359,150,20,Cash,Delivered,22,538.59,105
491,179,14,2025-11-15,Delhi,1128,100,40,Card,Cancelled,60,535.93,54
492,180,8,2025-07-27,Delhi,1631,50,20,Wallet,Delivered,55,977.61,127
493,181,14,2025-11-25,Delhi,1776,20,30,Card,Cancelled,34,908.03,66
494,181,36,2025-03-05,Delhi,679,0,50,Card,Delivered,54,363.23,108
495,181,43,2025-09-25,Delhi,1342,50,40,Wallet,Delivered,40,503.28,56
496,181,6,2025-05-14,Delhi,796,50,50,UPI,Cancelled,31,476.54,106
497,181,5,2025-12-12,Delhi,316,50,30,UPI,Delivered,39,166.61,117
498,181,38,2025-08-30,Delhi,501,150,50,Cash,Delivered,19,260.25,65
499,182,28,2025-08-20,Mumbai,929,50,20,UPI,Delivered,37,328.79,110
500,183,18,2025-04-11,Mumbai,898,50,20,Wallet,Delivered,24,327.28,99
501,184,41,2025-11-12,Chennai,526,0,30,Wallet,Delivered,36,199.98,122
502,185,25,2025-07-22,Bangalore,990,150,40,UPI,Cancelled,20,496.47,98
503,186,29,2025-12-14,Chennai,1202,50,20,Card,Delivered,48,575.22,56
504,186,43,2025-01-05,Chennai,487,150,20,UPI,Delivered,17,250.05,94
505,187,47,2025-12-22,Bangalore,695,50,50,Card,Delivered,54,340.03,107
506,188,39,2025-03-04,Chennai,1517,100,20,UPI,Delivered,34,819.67,136
507,188,29,2025-08-31,Chennai,1349,100,50,UPI,Delivered,28,632.43,132
508,188,47,2025-02-05,Chennai,1758,50,20,UPI,Delivered,49,917.98,80
509,189,15,2025-04-05,Pune,523,100,20,Wallet,Delivered,48,309.01,55
510,190,47,2025-06-28,Chennai,1619,100,40,Card,Delivered,17,940.24,120
511,191,35,2025-12-01,Bangalore,733,0,20,Cash,Delivered,36,329.11,86
512,192,41,2025-11-13,Bangalore,1338,0,30,Cash,Cancelled,57,523.17,108
513,192,4,2025-09-02,Bangalore,880,20,50,UPI,Delivered,38,493.11,117
514,192,15,2025-11-25,Bangalore,538,50,50,Cash,Delivered,43,248.23,129
515,192,18,2025-02-16,Bangalore,413,0,30,Card,Delivered,54,204.12,104
516,192,17,2025-05-11,Bangalore,861,0,50,Cash,Delivered,22,321.98,66
517,193,4,2025-05-29,Chennai,1349,50,40,UPI,Cancelled,54,504.91,69
518,193,21,2025-02-23,Chennai,866,0,30,Wallet,Delivered,25,338.73,44
519,194,9,2025-11-02,Chennai,553,100,20,Cash,Delivered,38,305.68,113
520,194,4,2025-09-11,Chennai,603,100,50,UPI,Delivered,16,287.31,96
521,194,46,2025-05-02,Chennai,1518,150,30,Card,Delivered,56,641.39,109
522,195,35,2025-07-30,Delhi,960,150,40,Card,Delivered,47,448.17,44
523,195,5,2025-04-04,Delhi,610,50,40,UPI,Delivered,32,323.96,42
524,195,46,2025-02-22,Delhi,575,20,20,Wallet,Delivered,38,299.34,63
525,195,43,2025-01-12,Delhi,480,0,30,UPI,Delivered,54,226.41,139
526,196,37,2025-02-10,Hyderabad,840,20,40,UPI,Cancelled,41,346.73,120
527,196,44,2025-04-26,Hyderabad,963,0,50,Card,Delivered,18,530.2,75
528,196,27,2025-05-13,Hyderabad,403,100,40,Card,Delivered,17,208.94,123
529,196,8,2025-04-03,Hyderabad,1436,0,50,UPI,Delivered,46,589.49,130
530,196,24,2025-12-28,Hyderabad,1798,0,40,UPI,Delivered,20,898.57,122
531,196,37,2025-10-23,Hyderabad,1133,50,40,Card,Delivered,49,401.03,110
532,197,4,2025-01-04,Hyderabad,1087,50,20,Wallet,Cancelled,28,392.23,85
533,198,6,2025-05-06,Hyderabad,1700,0,30,Wallet,Delivered,49,972.09,105
534,198,14,2025-08-15,Hyderabad,605,100,40,UPI,Cancelled,52,358.38,78
535,199,6,2025-11-20,Bangalore,375,0,20,Wallet,Delivered,24,224.62,134
536,200,12,2025-09-05,Pune,1222,20,50,Card,Delivered,17,714.92,77
537,200,10,2025-04-15,Pune,309,150,30,Card,Delivered,44,133.49,48
538,200,27,2025-09-08,Pune,347,100,30,Cash,Delivered,41,179.8,82
539,200,49,2025-12-09,Pune,1662,150,50,Wallet,Delivered,32,597.98,56
540,200,8,2025-12-23,Pune,1292,0,20,UPI,Delivered,49,678.39,92
541,200,42,2025-03-03,Pune,1023,150,50,UPI,Delivered,39,474.91,132
542,200,5,2025-06-21,Pune,904,150,20,Cash,Delivered,59,471.96,41
543,201,14,2025-02-16,Chennai,1570,50,50,Wallet,Delivered,26,852.96,98
544,201,21,2025-07-13,Chennai,1510,100,40,UPI,Delivered,45,656.12,126
545,201,27,2025-07-14,Chennai,996,0,40,UPI,Cancelled,51,406.76,51
546,201,17,2025-01-09,Chennai,843,0,30,Cash,Delivered,55,437.54,87
547,201,33,2025-07-29,Chennai,268,20,50,Wallet,Delivered,54,149.22,126
548,201,45,2025-04-20,Chennai,830,100,20,Wallet,Delivered,24,384.33,104
549,201,20,2025-03-23,Chennai,421,0,30,Wallet,Delivered,17,183.29,90
550,201,36,2025-08-28,Chennai,1742,20,30,UPI,Delivered,31,1011.88,50
551,201,40,2025-08-16,Chennai,1179,100,20,Card,Delivered,38,696.55,108
552,201,43,2025-01-17,Chennai,1346,100,20,Card,Delivered,54,783.06,94
553,202,29,2025-09-17,Mumbai,1008,0,50,Cash,Delivered,33,491.17,91
554,203,36,2025-08-03,Bangalore,1374,0,20,Wallet,Delivered,52,523.46,74
555,203,4,2025-05-05,Bangalore,770,150,40,Wallet,Delivered,31,388.38,69
556,203,36,2025-12-06,Bangalore,1622,20,40,Wallet,Delivered,50,741.84,87
557,203,40,2025-01-11,Bangalore,1147,150,30,Card,Delivered,37,467.74,95
558,203,31,2025-11-20,Bangalore,351,50,20,UPI,Delivered,38,162.83,64
559,203,3,2025-09-08,Bangalore,1273,100,20,Wallet,Delivered,30,708.99,53
560,203,1,2025-11-09,Bangalore,561,100,20,Wallet,Delivered,40,249.49,54
561,203,10,2025-06-13,Bangalore,1539,150,50,Card,Delivered,42,725.08,51
562,204,3,2025-08-19,Delhi,1405,20,50,UPI,Delivered,36,519.66,97
563,205,31,2025-05-31,Bangalore,1476,150,30,Wallet,Cancelled,56,616.68,97
564,205,36,2025-09-02,Bangalore,1300,0,20,UPI,Delivered,40,470.45,116
565,205,38,2025-01-10,Bangalore,1478,150,40,Cash,Cancelled,48,532.49,47
566,205,20,2025-01-11,Bangalore,1754,100,40,UPI,Delivered,60,694.38,91
567,205,6,2025-07-10,Bangalore,1619,20,50,UPI,Cancelled,51,970.32,90
568,206,5,2025-06-27,Pune,1564,0,30,UPI,Delivered,34,656.34,85
569,206,45,2025-10-12,Pune,939,50,20,Cash,Delivered,54,437.68,107
570,207,35,2025-06-28,Bangalore,795,50,40,UPI,Cancelled,37,366.63,103
571,208,28,2025-10-11,Mumbai,1144,0,20,Wallet,Delivered,15,625.94,126
572,208,38,2025-10-17,Mumbai,1782,100,50,Cash,Delivered,45,796.74,54
573,208,11,2025-08-10,Mumbai,930,50,50,Card,Delivered,16,523.72,84
574,208,10,2025-04-05,Mumbai,1156,0,40,Wallet,Delivered,36,436.47,105
575,208,41,2025-10-28,Mumbai,801,0,20,UPI,Delivered,55,480.36,70
576,209,31,2025-05-22,Pune,1442,20,30,Wallet,Delivered,47,845.38,47
577,210,34,2025-12-09,Delhi,891,20,40,Cash,Delivered,33,420.71,56
578,211,33,2025-09-08,Bangalore,1722,20,40,Wallet,Delivered,23,1013.67,45
579,211,28,2025-03-05,Bangalore,1033,20,40,UPI,Delivered,57,591.46,57
580,212,31,2025-01-17,Hyderabad,1769,0,40,UPI,Delivered,35,809.34,74
581,213,25,2025-10-24,Bangalore,907,0,30,UPI,Delivered,34,342.63,100
582,213,40,2025-11-14,Bangalore,1510,20,30,UPI,Delivered,15,781.7,109
583,214,50,2025-01-24,Mumbai,769,150,30,UPI,Cancelled,37,310.17,79
584,214,34,2025-10-10,Mumbai,1028,0,50,Cash,Delivered,30,377.13,89
585,215,4,2025-05-01,Pune,1255,20,20,Card,Delivered,19,577.11,104
586,216,25,2025-04-20,Bangalore,457,100,50,Wallet,Delivered,58,220.81,135
587,217,44,2025-11-11,Pune,1184,0,40,Card,Delivered,42,512.19,94
588,217,39,2025-10-29,Pune,633,20,30,Card,Delivered,24,249.02,44
589,217,24,2025-04-09,Pune,1026,0,40,Cash,Delivered,50,582.79,74
590,217,44,2025-11-29,Pune,495,150,50,Wallet,Delivered,41,229.01,129
591,217,47,2025-01-30,Pune,610,50,20,Wallet,Delivered,55,254.28,134
592,217,25,2025-01-04,Pune,1046,0,30,UPI,Delivered,34,427.73,46
593,217,50,2025-02-08,Pune,804,20,20,Cash,Delivered,18,440.28,42
594,217,7,2025-03-11,Pune,767,50,40,Card,Delivered,53,441.67,43
595,217,41,2025-12-17,Pune,1484,50,20,UPI,Delivered,35,630.59,59
596,217,21,2025-05-26,Pune,1440,0,30,Wallet,Cancelled,60,724.06,137
597,217,43,2025-06-22,Pune,453,0,50,Cash,Delivered,36,185.06,57
598,217,36,2025-06-14,Pune,745,20,30,UPI,Delivered,47,302.08,44
599,218,29,2025-01-26,Hyderabad,611,50,40,UPI,Delivered,37,321.02,42
600,219,44,2025-03-15,Chennai,1467,150,50,Cash,Delivered,32,578.55,103
601,219,25,2025-10-20,Chennai,771,0,40,Wallet,Delivered,20,284.93,57
602,219,38,2025-05-29,Chennai,427,0,50,Cash,Delivered,43,179.83,97
603,220,5,2025-09-07,Pune,532,0,50,Wallet,Delivered,22,222.72,123
604,221,40,2025-01-25,Mumbai,1308,100,40,Cash,Delivered,37,693.59,101
605,222,8,2025-08-08,Pune,976,50,30,Card,Delivered,16,384.49,41
606,222,49,2025-07-25,Pune,1004,20,20,Cash,Delivered,26,529.34,99
607,222,26,2025-02-19,Pune,383,100,30,Wallet,Delivered,29,225.89,121
608,223,3,2025-06-19,Pune,1189,50,20,UPI,Delivered,40,449.18,40
609,223,25,2025-10-21,Pune,896,0,20,Wallet,Cancelled,20,366.33,134
610,224,6,2025-08-26,Mumbai,705,100,50,UPI,Delivered,31,372.41,73
611,224,1,2025-01-30,Mumbai,958,100,50,Card,Delivered,33,511.92,92
612,224,33,2025-01-19,Mumbai,422,0,30,Cash,Delivered,37,170.94,119
613,224,9,2025-02-08,Mumbai,1006,0,20,Cash,Delivered,46,444.68,49
614,224,34,2025-07-08,Mumbai,1235,0,50,Cash,Delivered,16,622.07,43
615,224,25,2025-03-02,Mumbai,1532,0,50,Cash,Delivered,37,850.61,103
616,224,24,2025-11-26,Mumbai,520,0,50,Card,Delivered,35,246.03,100
617,224,13,2025-08-18,Mumbai,1215,50,30,Wallet,Delivered,26,442.13,84
618,224,49,2025-07-12,Mumbai,636,0,20,UPI,Delivered,47,297.14,82
619,224,1,2025-07-15,Mumbai,651,50,20,UPI,Delivered,22,293.23,97
620,225,32,2025-01-17,Mumbai,1796,100,30,Card,Delivered,22,949.23,84
621,226,33,2025-05-24,Pune,439,150,40,Wallet,Delivered,26,253.75,47
622,227,30,2025-09-23,Chennai,284,0,20,Cash,Delivered,16,157.22,95
623,228,13,2025-11-14,Mumbai,996,150,40,Cash,Delivered,45,385.85,56
624,229,47,2025-12-29,Mumbai,547,150,40,Cash,Delivered,41,292.97,59
625,230,11,2025-10-05,Bangalore,1331,100,50,Cash,Delivered,15,620.01,90
626,230,20,2025-08-24,Bangalore,1665,100,20,Card,Delivered,23,733.95,113
627,230,27,2025-10-28,Bangalore,1067,0,40,UPI,Cancelled,53,557.36,121
628,230,16,2025-01-22,Bangalore,1597,0,30,UPI,Delivered,51,727.66,81
629,230,50,2025-02-19,Bangalore,396,100,50,Wallet,Delivered,44,208.3,106
630,230,20,2025-01-04,Bangalore,559,0,30,Wallet,Delivered,52,287.95,140
631,231,11,2025-03-06,Bangalore,1103,0,20,Wallet,Delivered,38,490.2,130
632,231,26,2025-06-21,Bangalore,763,50,30,UPI,Cancelled,36,274.88,64
633,231,37,2025-12-12,Bangalore,737,150,20,Wallet,Delivered,52,412.23,71
634,231,44,2025-01-28,Bangalore,1026,20,30,UPI,Delivered,58,601.57,98
635,232,25,2025-07-12,Bangalore,395,100,20,Card,Cancelled,29,209.77,66
636,232,16,2025-01-20,Bangalore,1226,0,50,Card,Delivered,40,451.91,56
637,232,49,2025-03-20,Bangalore,1060,100,50,UPI,Cancelled,37,404.39,49
638,232,22,2025-02-04,Bangalore,1268,0,30,Card,Delivered,30,714.61,96
639,233,42,2025-10-01,Delhi,963,0,50,Cash,Delivered,47,368.19,133
640,233,24,2025-06-27,Delhi,1202,20,40,Card,Cancelled,55,544.96,44
641,233,15,2025-02-17,Delhi,809,0,20,UPI,Delivered,31,323.31,45
642,234,20,2025-03-28,Chennai,1202,0,20,Card,Delivered,58,626.71,58
643,235,1,2025-05-17,Bangalore,472,100,20,Cash,Cancelled,17,231.44,84
644,235,50,2025-09-09,Bangalore,1787,50,40,Card,Delivered,24,733.68,70
645,235,27,2025-06-18,Bangalore,712,50,20,Cash,Delivered,24,400.54,68
646,235,12,2025-09-02,Bangalore,319,0,50,Card,Delivered,55,141.35,60
647,235,5,2025-09-19,Bangalore,836,0,40,Cash,Delivered,58,380.86,70
648,236,3,2025-01-02,Delhi,1707,0,40,Card,Delivered,30,899.57,132
649,237,17,2025-12-02,Delhi,1436,100,30,UPI,Delivered,35,752.27,109
650,238,22,2025-07-04,Hyderabad,1388,50,40,UPI,Delivered,47,501.3,95
651,238,34,2025-10-13,Hyderabad,267,20,40,Card,Delivered,49,99.53,42
652,238,27,2025-11-24,Hyderabad,1628,100,40,UPI,Delivered,16,875.68,84
653,238,42,2025-01-18,Hyderabad,1538,150,30,UPI,Delivered,33,824.18,118
654,238,22,2025-05-06,Hyderabad,928,0,20,Card,Delivered,45,464.15,82
655,239,33,2025-05-22,Bangalore,527,50,20,UPI,Delivered,57,222.61,59
656,240,32,2025-10-13,Chennai,644,0,50,Cash,Delivered,45,302.42,59
657,240,16,2025-11-15,Chennai,366,100,40,UPI,Delivered,29,152.28,44
658,240,16,2025-08-22,Chennai,1696,100,50,Wallet,Delivered,37,758.39,47
659,240,23,2025-02-05,Chennai,398,0,40,Card,Delivered,15,208.44,100
660,241,33,2025-10-16,Hyderabad,292,0,20,UPI,Delivered,17,137.1,111
661,242,40,2025-05-06,Chennai,1227,150,50,Cash,Delivered,57,640.08,121
662,242,14,2025-03-04,Chennai,1687,0,50,Card,Delivered,41,886.08,51
663,242,48,2025-01-28,Chennai,1050,0,50,UPI,Delivered,44,390.92,87
664,242,10,2025-01-22,Chennai,850,50,40,UPI,Delivered,29,343.44,125
665,243,33,2025-09-30,Bangalore,1319,100,40,UPI,Delivered,33,612.95,51
666,243,45,2025-01-05,Bangalore,517,0,50,Cash,Cancelled,55,270.66,57
667,243,44,2025-09-03,Bangalore,343,100,30,Cash,Delivered,57,127.16,54
668,243,26,2025-11-01,Bangalore,535,20,50,UPI,Cancelled,37,253.18,119
669,244,1,2025-07-28,Bangalore,916,0,50,Card,Delivered,39,440.95,88
670,244,21,2025-05-09,Bangalore,262,50,30,Cash,Delivered,16,142.63,129
671,244,20,2025-06-27,Bangalore,1662,150,40,Cash,Delivered,29,723.97,116
672,245,50,2025-08-10,Pune,447,20,40,Wallet,Delivered,49,165.16,61
673,246,23,2025-03-03,Delhi,793,150,50,Card,Delivered,25,344.92,99
674,247,28,2025-12-11,Mumbai,297,100,20,UPI,Delivered,21,149.33,55
675,248,49,2025-07-26,Hyderabad,966,150,50,Wallet,Delivered,42,502.0,92
676,248,40,2025-07-12,Hyderabad,959,50,30,Card,Delivered,34,510.24,79
677,249,28,2025-03-04,Chennai,820,50,50,Cash,Delivered,40,289.56,44
678,249,11,2025-12-22,Chennai,1199,0,50,UPI,Delivered,46,617.88,57
679,250,40,2025-10-04,Chennai,610,150,50,Wallet,Delivered,18,236.51,90
680,251,1,2025-02-19,Mumbai,1050,0,50,UPI,Delivered,27,528.87,100
681,252,40,2025-12-12,Bangalore,877,0,30,Card,Cancelled,58,317.96,130
682,252,13,2025-01-17,Bangalore,1261,20,30,Card,Delivered,42,536.71,124
683,252,21,2025-01-24,Bangalore,1322,0,30,Wallet,Delivered,59,650.48,72
684,252,36,2025-06-20,Bangalore,1028,150,40,Cash,Delivered,31,514.6,65
685,252,7,2025-03-30,Bangalore,1474,0,30,Cash,Delivered,17,873.11,94
686,253,23,2025-09-26,Chennai,1631,50,20,Wallet,Delivered,28,761.38,82
687,253,14,2025-03-29,Chennai,352,0,40,Cash,Delivered,49,178.59,139
688,253,8,2025-04-18,Chennai,753,50,50,Card,Delivered,21,365.93,100
689,254,27,2025-01-07,Delhi,1479,150,50,Cash,Delivered,36,700.99,139
690,254,49,2025-07-18,Delhi,1636,100,40,Wallet,Delivered,16,893.57,80
691,255,23,2025-03-26,Delhi,519,20,30,UPI,Delivered,15,224.35,101
692,255,27,2025-03-06,Delhi,869,50,20,Wallet,Delivered,38,401.72,60
693,255,15,2025-04-15,Delhi,805,0,40,Cash,Delivered,53,439.01,52
694,256,48,2025-01-05,Mumbai,1689,0,30,Wallet,Delivered,46,979.13,53
695,256,38,2025-03-18,Mumbai,1216,0,40,Wallet,Delivered,60,495.32,122
696,256,17,2025-07-23,Mumbai,1378,100,30,Cash,Delivered,48,607.31,92
697,257,7,2025-10-28,Bangalore,445,50,40,UPI,Delivered,53,164.79,97
698,257,36,2025-12-16,Bangalore,1289,50,20,Wallet,Delivered,30,512.85,87
699,257,11,2025-10-16,Bangalore,1095,0,30,Card,Delivered,60,403.27,131
700,257,43,2025-10-09,Bangalore,1150,0,40,UPI,Delivered,30,569.41,54
701,257,16,2025-01-18,Bangalore,1741,0,30,Cash,Delivered,32,1014.25,63
702,257,37,2025-04-15,Bangalore,1090,0,20,Cash,Delivered,33,530.29,56
703,257,1,2025-05-15,Bangalore,1622,0,50,Cash,Delivered,36,938.78,46
704,257,1,2025-11-12,Bangalore,1133,150,50,Cash,Delivered,42,673.75,64
705,257,2,2025-04-19,Bangalore,1685,0,30,Wallet,Delivered,51,958.51,53
706,258,6,2025-07-26,Mumbai,610,50,40,Cash,Delivered,39,311.21,60
707,259,18,2025-08-03,Hyderabad,1681,20,50,UPI,Delivered,40,856.2,109
708,260,39,2025-12-21,Bangalore,1682,50,50,Cash,Delivered,39,902.26,81
709,261,15,2025-10-17,Chennai,507,100,30,Cash,Delivered,23,297.2,117
710,262,35,2025-11-07,Hyderabad,662,100,40,Wallet,Delivered,18,368.26,46
711,262,40,2025-01-10,Hyderabad,1308,20,40,Wallet,Delivered,53,698.79,131
712,262,41,2025-05-03,Hyderabad,453,50,50,Wallet,Delivered,43,214.81,63
713,262,8,2025-01-25,Hyderabad,1346,50,40,Wallet,Delivered,28,565.94,107
714,262,33,2025-12-10,Hyderabad,771,150,20,Card,Delivered,16,389.17,86
715,262,23,2025-11-23,Hyderabad,1100,0,20,UPI,Delivered,32,455.1,51
716,262,44,2025-08-07,Hyderabad,1581,20,40,Wallet,Delivered,47,591.89,136
717,262,45,2025-03-25,Hyderabad,470,150,30,Wallet,Delivered,60,253.98,64
718,262,21,2025-08-11,Hyderabad,1766,100,30,Cash,Delivered,34,721.02,82
719,262,24,2025-09-14,Hyderabad,1411,100,20,Card,Delivered,26,823.69,80
720,262,30,2025-01-28,Hyderabad,560,100,50,UPI,Delivered,60,235.94,107
721,263,3,2025-05-20,Bangalore,972,50,30,Card,Delivered,53,459.87,85
722,263,15,2025-08-28,Bangalore,265,50,40,UPI,Delivered,43,158.87,51
723,263,30,2025-02-17,Bangalore,977,100,30,Card,Delivered,28,347.43,74
724,263,43,2025-07-12,Bangalore,1025,20,20,Card,Delivered,22,365.82,51
725,263,24,2025-10-18,Bangalore,291,150,40,Cash,Delivered,49,158.4,74
726,263,37,2025-12-07,Bangalore,501,50,40,Card,Cancelled,53,230.26,80
727,263,3,2025-07-10,Bangalore,1415,20,30,Wallet,Delivered,42,526.45,58
728,263,4,2025-05-06,Bangalore,604,0,30,Card,Delivered,28,313.09,44
729,263,7,2025-04-20,Bangalore,1256,0,20,Cash,Delivered,56,586.4,122
730,263,24,2025-06-18,Bangalore,461,0,30,UPI,Delivered,32,185.17,63
731,264,11,2025-07-01,Bangalore,1426,50,50,UPI,Delivered,60,787.01,102
732,264,3,2025-11-03,Bangalore,1258,0,20,UPI,Delivered,20,517.11,119
733,264,2,2025-09-30,Bangalore,518,0,30,Card,Delivered,35,292.94,95
734,265,11,2025-02-11,Chennai,1056,0,20,Cash,Cancelled,17,490.77,111
735,265,1,2025-04-24,Chennai,719,0,30,Card,Delivered,15,277.56,101
736,266,9,2025-07-24,Mumbai,467,20,40,Card,Delivered,25,219.68,120
737,266,11,2025-11-11,Mumbai,394,150,20,Card,Delivered,15,206.48,66
738,266,43,2025-05-12,Mumbai,995,20,50,UPI,Delivered,56,356.16,108
739,266,23,2025-12-07,Mumbai,1651,150,30,Card,Delivered,54,683.93,80
740,267,2,2025-10-23,Chennai,1516,100,30,UPI,Delivered,22,731.68,44
741,268,4,2025-10-10,Pune,1619,150,50,UPI,Cancelled,36,769.42,73
742,268,50,2025-10-22,Pune,1044,100,40,Card,Delivered,25,494.06,95
743,269,33,2025-04-11,Mumbai,1442,0,40,Cash,Delivered,56,797.14,61
744,269,35,2025-02-20,Mumbai,1476,100,30,Cash,Delivered,39,598.67,133
745,270,23,2025-05-04,Bangalore,1347,100,40,Cash,Delivered,15,722.78,92
746,270,34,2025-04-25,Bangalore,730,20,20,Cash,Delivered,35,290.72,81
747,271,29,2025-02-02,Bangalore,1736,50,40,Wallet,Delivered,40,1027.03,62
748,271,16,2025-01-19,Bangalore,1212,50,30,Card,Delivered,18,491.49,76
749,272,20,2025-11-20,Mumbai,1061,0,40,Cash,Delivered,40,373.86,91
750,273,45,2025-06-04,Bangalore,1624,0,50,Wallet,Delivered,56,784.4,80
751,274,23,2025-01-05,Pune,894,0,40,Wallet,Delivered,35,416.94,93
752,275,29,2025-12-19,Pune,1572,50,50,Card,Delivered,29,687.65,132
753,275,29,2025-02-24,Pune,786,0,50,Wallet,Delivered,46,391.17,92
754,276,36,2025-03-22,Hyderabad,1169,50,40,Wallet,Delivered,22,463.52,71
755,277,23,2025-03-21,Pune,1158,100,30,Cash,Delivered,50,533.09,42
756,278,34,2025-06-28,Chennai,1531,100,40,UPI,Delivered,58,564.68,62
757,279,35,2025-12-29,Bangalore,936,150,30,Card,Delivered,28,332.24,100
758,279,3,2025-01-10,Bangalore,1110,50,40,Card,Delivered,17,570.22,98
759,280,6,2025-01-01,Delhi,981,150,50,Cash,Cancelled,16,556.97,129
760,280,46,2025-04-14,Delhi,614,150,50,Cash,Delivered,17,222.87,112
761,280,13,2025-08-02,Delhi,1480,100,30,UPI,Delivered,40,673.52,94
762,281,1,2025-11-20,Pune,753,0,50,Wallet,Delivered,22,290.54,69
763,281,22,2025-04-06,Pune,1118,0,30,Cash,Delivered,49,519.39,41
764,282,19,2025-07-02,Bangalore,1606,0,40,Cash,Delivered,55,893.94,105
765,283,2,2025-04-22,Pune,1346,20,50,UPI,Delivered,19,676.08,95
766,284,16,2025-11-07,Chennai,1693,0,50,Cash,Delivered,19,682.32,79
767,285,41,2025-05-02,Delhi,1614,0,30,Wallet,Delivered,55,664.75,136
768,285,23,2025-09-08,Delhi,1476,100,30,UPI,Delivered,56,763.72,106
769,285,20,2025-10-05,Delhi,535,100,30,Wallet,Cancelled,30,254.18,129
770,285,39,2025-09-29,Delhi,1247,20,30,Cash,Delivered,58,678.53,128
771,286,18,2025-03-17,Mumbai,1423,100,40,UPI,Delivered,25,727.46,41
772,287,34,2025-12-29,Hyderabad,524,150,30,Wallet,Delivered,29,193.47,68
773,287,5,2025-07-31,Hyderabad,894,0,40,UPI,Delivered,31,533.78,44
774,288,4,2025-09-21,Pune,1588,0,50,UPI,Delivered,30,673.31,40
775,288,34,2025-03-22,Pune,1001,20,40,UPI,Delivered,16,543.39,68
776,288,39,2025-01-04,Pune,1531,150,40,Cash,Delivered,16,604.63,59
777,289,13,2025-02-12,Bangalore,976,0,50,Wallet,Delivered,15,397.86,88
778,289,32,2025-06-28,Bangalore,1060,0,40,Cash,Delivered,58,373.08,93
779,290,8,2025-01-23,Chennai,472,150,50,Wallet,Cancelled,54,280.36,93
780,290,3,2025-10-08,Chennai,767,0,40,UPI,Delivered,38,339.07,116
781,290,24,2025-02-04,Chennai,649,0,20,Cash,Delivered,19,372.21,43
782,291,17,2025-08-19,Mumbai,1006,0,50,Cash,Delivered,37,562.2,98
783,292,30,2025-08-13,Hyderabad,1186,20,30,Card,Delivered,41,477.32,53
784,292,2,2025-07-07,Hyderabad,1448,150,30,Card,Delivered,45,811.4,78
785,292,10,2025-11-27,Hyderabad,1685,0,50,Wallet,Delivered,32,902.73,129
786,292,30,2025-03-11,Hyderabad,1738,0,50,UPI,Cancelled,32,840.98,91
787,292,24,2025-03-16,Hyderabad,1282,0,30,Cash,Delivered,46,561.3,76
788,292,5,2025-07-15,Hyderabad,1672,20,40,UPI,Cancelled,25,972.05,139
789,292,11,2025-01-02,Hyderabad,642,50,20,UPI,Delivered,33,370.34,79
790,292,13,2025-12-15,Hyderabad,1011,20,50,Wallet,Delivered,15,576.72,60
791,292,38,2025-03-13,Hyderabad,588,0,30,Wallet,Delivered,57,284.72,102
792,292,22,2025-04-25,Hyderabad,1742,0,40,Wallet,Delivered,40,1028.8,62
793,293,41,2025-03-29,Mumbai,277,50,40,Card,Delivered,36,128.1,63
794,294,40,2025-10-03,Pune,1694,100,50,UPI,Delivered,51,897.42,51
795,294,23,2025-11-26,Pune,1597,20,30,UPI,Delivered,31,901.09,56
796,294,5,2025-11-13,Pune,787,20,50,UPI,Delivered,58,338.96,40
797,294,1,2025-02-26,Pune,644,0,50,Cash,Delivered,39,293.77,79
798,294,49,2025-01-11,Pune,598,50,50,Card,Delivered,39,235.79,135
799,294,37,2025-04-26,Pune,293,100,30,UPI,Delivered,55,155.69,99
800,294,28,2025-11-12,Pune,1410,150,20,Card,Cancelled,30,602.61,55
801,295,31,2025-07-06,Delhi,1219,100,40,Card,Delivered,45,477.28,119
802,296,22,2025-02-01,Bangalore,1458,50,20,Card,Delivered,34,781.18,101
803,297,16,2025-03-19,Mumbai,698,100,20,UPI,Delivered,44,251.84,82
804,298,5,2025-02-23,Pune,1324,100,40,Card,Cancelled,51,787.92,73
805,298,29,2025-04-03,Pune,953,50,30,UPI,Delivered,47,469.08,106
806,298,20,2025-06-27,Pune,697,100,50,UPI,Delivered,21,380.72,114
807,298,13,2025-05-30,Pune,983,100,50,UPI,Delivered,29,584.26,62
808,298,30,2025-06-03,Pune,535,0,40,Cash,Delivered,29,207.69,49
809,298,29,2025-01-08,Pune,993,50,40,Wallet,Delivered,41,588.4,79
810,298,32,2025-09-08,Pune,1552,0,20,Cash,Delivered,26,810.3,79
811,298,50,2025-03-31,Pune,1637,100,40,Cash,Delivered,24,609.97,86
812,298,33,2025-08-31,Pune,738,0,20,Wallet,Delivered,50,430.14,88
813,298,38,2025-02-13,Pune,1746,50,30,Wallet,Delivered,53,1004.84,133
814,298,4,2025-05-20,Pune,1148,150,20,Cash,Cancelled,31,527.42,129
815,299,11,2025-08-26,Chennai,558,0,20,Wallet,Delivered,33,275.81,98
816,299,24,2025-09-03,Chennai,1486,20,20,Card,Delivered,34,732.2,67
817,300,22,2025-05-09,Mumbai,683,0,50,Card,Delivered,16,328.3,91
818,301,17,2025-05-17,Bangalore,1376,50,20,Card,Delivered,22,819.96,116
819,301,3,2025-07-21,Bangalore,786,0,20,Card,Delivered,49,379.72,89
820,301,16,2025-07-17,Bangalore,904,100,50,Card,Delivered,36,355.17,60
821,301,37,2025-08-13,Bangalore,1006,20,20,Card,Delivered,32,525.54,83
822,301,16,2025-07-01,Bangalore,1460,150,30,Cash,Delivered,21,532.04,139
823,302,48,2025-11-29,Bangalore,503,20,30,Cash,Delivered,33,256.31,55
824,302,12,2025-05-17,Bangalore,1471,50,20,Wallet,Delivered,29,736.89,69
825,303,10,2025-08-07,Delhi,1330,50,50,Wallet,Delivered,43,744.29,73
826,303,15,2025-09-03,Delhi,1279,20,40,Cash,Delivered,51,646.38,57
827,304,32,2025-01-16,Mumbai,1576,100,20,Wallet,Delivered,50,602.34,93
828,305,17,2025-12-05,Pune,312,50,20,Card,Cancelled,39,158.2,81
829,305,27,2025-12-11,Pune,1385,0,30,Cash,Delivered,35,490.68,70
830,306,11,2025-10-10,Pune,1152,100,50,UPI,Delivered,30,578.08,114
831,307,12,2025-07-02,Mumbai,1773,0,50,Card,Delivered,17,836.05,78
832,308,28,2025-09-08,Bangalore,1457,0,40,Card,Delivered,36,864.58,98
833,308,27,2025-11-07,Bangalore,264,0,50,Wallet,Delivered,28,126.87,53
834,309,19,2025-07-16,Delhi,1377,50,40,Cash,Delivered,16,624.08,132
835,310,9,2025-09-13,Hyderabad,1409,150,30,UPI,Delivered,25,831.82,131
836,310,26,2025-12-08,Hyderabad,803,0,30,UPI,Delivered,31,359.87,112
837,311,15,2025-01-13,Pune,1673,0,30,Wallet,Cancelled,40,830.71,52
838,311,4,2025-11-05,Pune,865,0,20,UPI,Delivered,39,355.77,111
839,312,16,2025-05-01,Chennai,1195,20,50,UPI,Delivered,54,575.91,118
840,313,22,2025-01-08,Mumbai,900,20,20,Wallet,Delivered,16,486.33,140
841,313,12,2025-10-09,Mumbai,1796,0,40,Wallet,Delivered,24,667.98,86
842,314,13,2025-03-04,Hyderabad,1401,150,30,Cash,Delivered,40,663.41,135
843,315,31,2025-12-30,Hyderabad,267,150,40,Cash,Delivered,29,113.8,99
844,316,8,2025-04-18,Pune,1387,20,20,UPI,Delivered,44,822.73,61
845,317,25,2025-03-16,Bangalore,1383,150,20,Card,Delivered,27,629.37,55
846,317,30,2025-06-04,Bangalore,829,50,20,UPI,Delivered,49,305.13,67
847,317,3,2025-11-19,Bangalore,975,150,40,Cash,Delivered,48,479.14,135
848,317,22,2025-05-02,Bangalore,1507,100,40,Cash,Cancelled,19,775.94,95
849,318,47,2025-07-02,Bangalore,1679,50,30,Card,Delivered,43,879.14,134
850,318,29,2025-09-10,Bangalore,492,20,30,Cash,Delivered,53,198.4,78
851,318,25,2025-04-19,Bangalore,1013,100,30,UPI,Delivered,27,573.8,87
852,318,16,2025-10-25,Bangalore,1644,100,30,UPI,Delivered,60,610.42,129
853,319,4,2025-10-20,Bangalore,563,20,20,Cash,Delivered,24,278.26,44
854,320,44,2025-08-13,Chennai,373,0,50,Cash,Delivered,25,197.54,134
855,320,31,2025-04-25,Chennai,373,50,40,Wallet,Delivered,20,172.32,80
856,321,9,2025-10-21,Hyderabad,547,20,20,Card,Delivered,34,199.67,76
857,321,48,2025-06-23,Hyderabad,1483,20,40,UPI,Delivered,27,716.64,77
858,321,25,2025-01-09,Hyderabad,1011,20,40,Wallet,Delivered,24,593.16,105
859,321,4,2025-07-15,Hyderabad,1294,100,40,Cash,Delivered,28,748.88,95
860,321,47,2025-09-09,Hyderabad,1508,0,20,UPI,Delivered,53,707.34,91
861,321,43,2025-11-12,Hyderabad,1179,50,30,UPI,Cancelled,35,456.31,120
862,322,3,2025-10-18,Mumbai,1553,150,40,Card,Delivered,49,575.09,49
863,323,48,2025-04-18,Hyderabad,371,20,30,Card,Delivered,20,157.49,87
864,324,23,2025-10-14,Delhi,1442,100,50,UPI,Cancelled,38,659.91,105
865,324,17,2025-11-27,Delhi,1451,50,30,Wallet,Delivered,31,829.5,112
866,324,20,2025-09-08,Delhi,1781,0,30,UPI,Cancelled,46,785.7,88
867,324,42,2025-08-24,Delhi,1068,50,50,Card,Delivered,42,588.0,52
868,325,40,2025-05-07,Bangalore,1674,0,30,Wallet,Delivered,33,978.18,103
869,325,8,2025-01-17,Bangalore,1245,50,50,Card,Delivered,52,691.4,136
870,325,45,2025-04-17,Bangalore,994,0,50,UPI,Cancelled,48,528.1,90
871,325,37,2025-11-02,Bangalore,1077,20,20,Card,Delivered,54,544.46,74
872,325,19,2025-10-05,Bangalore,1203,0,40,Cash,Delivered,22,638.43,136
873,326,12,2025-07-26,Pune,370,0,30,Wallet,Delivered,42,132.6,49
874,326,4,2025-03-27,Pune,466,150,30,UPI,Delivered,56,187.09,89
875,326,37,2025-03-18,Pune,1056,100,40,Cash,Delivered,46,537.07,125
876,326,2,2025-03-09,Pune,1327,0,30,Card,Delivered,20,540.33,55
877,326,2,2025-02-27,Pune,1583,0,20,UPI,Delivered,24,913.85,86
878,326,11,2025-07-31,Pune,1789,0,30,UPI,Delivered,42,859.53,101
879,326,19,2025-12-17,Pune,1331,150,50,Cash,Delivered,33,788.44,117
880,326,3,2025-07-01,Pune,1082,50,30,Cash,Delivered,48,567.2,43
881,326,5,2025-11-27,Pune,390,0,40,Cash,Delivered,48,164.61,57
882,327,42,2025-04-04,Chennai,1584,0,20,Wallet,Cancelled,41,693.85,87
883,327,24,2025-08-31,Chennai,994,0,50,UPI,Delivered,27,357.92,58
884,328,45,2025-05-22,Delhi,335,100,30,UPI,Delivered,31,132.16,75
885,329,13,2025-01-16,Pune,372,100,50,Card,Delivered,25,215.99,77
886,330,44,2025-04-25,Mumbai,699,0,40,Wallet,Delivered,46,406.4,94
887,330,17,2025-04-17,Mumbai,982,0,40,Wallet,Delivered,30,344.63,88
888,330,35,2025-11-27,Mumbai,1800,100,40,Card,Delivered,45,849.24,65
889,330,12,2025-01-30,Mumbai,494,20,30,Card,Delivered,58,281.08,106
890,331,36,2025-10-31,Chennai,377,150,50,Cash,Delivered,22,188.39,101
891,331,36,2025-09-29,Chennai,980,0,20,Cash,Delivered,25,416.05,54
892,332,38,2025-04-03,Pune,1092,50,40,Wallet,Delivered,57,417.17,43
893,332,30,2025-02-26,Pune,957,0,40,Cash,Delivered,41,472.56,73
894,332,6,2025-09-01,Pune,817,20,20,Cash,Delivered,28,359.13,67
895,333,20,2025-04-07,Chennai,1518,100,50,Wallet,Cancelled,53,630.21,42
896,333,15,2025-09-26,Chennai,407,50,40,Card,Delivered,40,228.14,106
897,333,45,2025-09-20,Chennai,512,100,30,Cash,Delivered,30,276.18,72
898,333,24,2025-08-08,Chennai,394,100,40,UPI,Delivered,56,185.84,67
899,334,23,2025-01-29,Mumbai,1095,0,30,Wallet,Delivered,34,551.63,114
900,334,25,2025-12-11,Mumbai,1077,150,30,Card,Delivered,29,564.2,61
901,334,4,2025-12-17,Mumbai,1649,0,40,UPI,Delivered,37,808.17,68
902,334,14,2025-05-13,Mumbai,1321,50,50,UPI,Delivered,38,537.81,128
903,334,37,2025-09-24,Mumbai,715,100,20,UPI,Delivered,57,383.12,88
904,334,15,2025-05-07,Mumbai,1771,50,20,Cash,Delivered,18,666.99,90
905,334,38,2025-09-09,Mumbai,586,0,40,Wallet,Delivered,46,220.64,92
906,334,36,2025-06-23,Mumbai,1262,100,20,UPI,Delivered,26,539.39,127
907,335,46,2025-07-02,Hyderabad,1628,150,30,Card,Delivered,59,710.76,125
908,335,33,2025-06-27,Hyderabad,1306,100,40,Cash,Delivered,37,538.98,54
909,335,29,2025-10-15,Hyderabad,1031,100,20,Card,Delivered,51,437.59,75
910,335,25,2025-10-03,Hyderabad,1026,50,20,Cash,Delivered,55,401.77,55
911,336,34,2025-07-10,Hyderabad,1479,150,20,UPI,Cancelled,42,772.25,137
912,336,50,2025-05-19,Hyderabad,759,0,40,Cash,Cancelled,43,430.31,128
913,337,49,2025-01-11,Mumbai,1416,20,40,UPI,Delivered,15,803.21,126
914,337,25,2025-05-12,Mumbai,789,150,40,Wallet,Cancelled,56,408.03,110
915,337,48,2025-11-18,Mumbai,1427,50,20,Wallet,Delivered,60,712.51,46
916,337,48,2025-10-03,Mumbai,651,50,40,Cash,Delivered,29,260.71,43
917,337,13,2025-12-27,Mumbai,1060,20,50,UPI,Delivered,48,394.82,116
918,337,30,2025-01-16,Mumbai,709,50,30,Cash,Delivered,52,418.38,49
919,337,29,2025-03-01,Mumbai,1109,0,20,UPI,Delivered,20,525.85,137
920,338,18,2025-02-25,Mumbai,790,0,40,Card,Delivered,25,419.0,121
921,338,27,2025-09-01,Mumbai,475,20,30,Cash,Delivered,58,282.39,124
922,338,19,2025-12-27,Mumbai,442,100,30,Card,Delivered,51,252.44,94
923,338,44,2025-02-22,Mumbai,618,150,20,Wallet,Delivered,21,240.97,58
924,339,21,2025-12-09,Hyderabad,1447,20,20,Card,Delivered,18,789.4,68
925,339,10,2025-05-28,Hyderabad,428,0,50,Card,Delivered,48,223.72,84
926,339,33,2025-03-21,Hyderabad,1223,0,20,Cash,Delivered,34,512.81,140
927,340,34,2025-03-09,Pune,277,150,50,Card,Delivered,22,155.74,54
928,341,6,2025-02-15,Chennai,914,0,30,Wallet,Cancelled,57,349.71,46
929,342,23,2025-03-28,Delhi,377,0,50,Cash,Delivered,52,152.87,41
930,342,34,2025-11-17,Delhi,333,50,30,Cash,Delivered,17,178.48,131
931,343,34,2025-12-22,Delhi,274,0,20,Cash,Cancelled,51,134.42,62
932,344,43,2025-06-12,Chennai,950,0,40,Wallet,Cancelled,21,450.45,67
933,345,34,2025-05-22,Mumbai,1592,0,40,Wallet,Delivered,25,806.26,73
934,345,11,2025-01-08,Mumbai,1316,0,40,Cash,Delivered,58,652.92,126
935,345,17,2025-10-17,Mumbai,1711,50,50,Wallet,Delivered,23,777.66,47
936,345,11,2025-08-09,Mumbai,1400,150,30,Wallet,Delivered,59,560.65,72
937,345,2,2025-02-02,Mumbai,879,50,50,Card,Delivered,29,337.13,110
938,345,32,2025-05-24,Mumbai,968,20,50,Wallet,Delivered,41,428.29,114
939,345,36,2025-10-27,Mumbai,1368,150,50,Cash,Delivered,32,499.66,43
940,345,19,2025-05-26,Mumbai,1680,150,40,Cash,Delivered,28,808.07,71
941,345,16,2025-01-11,Mumbai,577,100,20,Cash,Delivered,46,319.55,136
942,346,1,2025-08-11,Delhi,1780,0,20,Card,Delivered,28,888.78,100
943,347,24,2025-02-20,Bangalore,1209,150,30,UPI,Delivered,27,605.38,137
944,348,18,2025-04-21,Bangalore,475,100,50,Card,Delivered,18,268.95,69
945,348,17,2025-03-23,Bangalore,1008,150,30,Wallet,Delivered,48,470.29,140
946,348,25,2025-10-05,Bangalore,355,20,20,Wallet,Delivered,40,124.63,116
947,348,49,2025-06-02,Bangalore,543,0,50,UPI,Delivered,31,314.48,139
948,348,37,2025-01-01,Bangalore,720,50,20,Card,Delivered,39,339.45,64
949,349,18,2025-07-25,Mumbai,1518,0,40,Card,Delivered,19,900.2,125
950,350,7,2025-04-08,Bangalore,1168,100,40,Wallet,Delivered,48,587.46,98
951,351,8,2025-07-14,Hyderabad,1129,100,20,Wallet,Delivered,49,477.94,49
952,352,35,2025-04-24,Mumbai,977,0,20,Wallet,Delivered,51,449.51,118
953,352,27,2025-07-15,Mumbai,1410,150,30,Card,Delivered,40,627.5,64
954,352,27,2025-03-24,Mumbai,601,150,30,UPI,Delivered,57,239.01,119
955,352,12,2025-03-03,Mumbai,1023,150,40,Wallet,Delivered,36,430.33,67
956,352,21,2025-03-13,Mumbai,1116,100,20,UPI,Delivered,41,463.18,87
957,352,43,2025-12-01,Mumbai,309,20,30,Cash,Delivered,51,147.2,134
958,352,48,2025-10-18,Mumbai,1626,0,30,UPI,Delivered,55,821.48,133
959,352,6,2025-05-25,Mumbai,989,100,50,Cash,Cancelled,57,462.25,136
960,352,29,2025-04-21,Mumbai,1289,0,40,Wallet,Delivered,37,625.74,119
961,352,30,2025-12-28,Mumbai,1686,100,30,Wallet,Delivered,57,850.53,107
962,353,30,2025-07-04,Pune,738,100,20,Wallet,Delivered,30,349.26,73
963,354,15,2025-08-26,Pune,1365,150,50,Wallet,Cancelled,48,694.84,115
964,354,12,2025-02-22,Pune,1666,0,30,Card,Delivered,26,604.44,99
965,354,12,2025-03-05,Pune,1531,0,40,Wallet,Delivered,54,657.38,137
966,354,38,2025-09-21,Pune,1590,20,40,Card,Cancelled,60,650.37,52
967,354,43,2025-02-09,Pune,778,0,20,Wallet,Delivered,39,281.7,131
968,354,2,2025-12-21,Pune,840,0,50,Card,Cancelled,40,501.81,103
969,354,28,2025-05-09,Pune,412,50,20,Wallet,Delivered,44,144.71,130
970,354,7,2025-08-14,Pune,1578,0,40,Card,Delivered,41,674.38,67
971,354,7,2025-07-04,Pune,315,150,40,Wallet,Delivered,29,135.78,48
972,355,16,2025-05-12,Chennai,1715,150,50,Wallet,Delivered,59,759.13,107
973,356,40,2025-06-18,Pune,309,0,30,Wallet,Delivered,43,112.25,63
974,356,24,2025-03-13,Pune,669,20,50,UPI,Delivered,54,350.13,112
975,356,21,2025-10-07,Pune,1639,50,40,UPI,Delivered,40,652.4,137
976,356,45,2025-06-20,Pune,749,20,30,Cash,Delivered,53,320.29,41
977,357,42,2025-07-07,Bangalore,913,0,30,UPI,Delivered,54,499.66,76
978,357,30,2025-10-21,Bangalore,1719,20,40,UPI,Delivered,36,759.16,130
979,358,27,2025-07-22,Bangalore,896,150,40,Wallet,Delivered,25,357.71,131
980,358,13,2025-08-07,Bangalore,995,0,20,UPI,Delivered,34,381.22,99
981,358,11,2025-06-05,Bangalore,1691,0,50,Card,Delivered,34,990.1,116
982,358,7,2025-03-27,Bangalore,1587,150,40,Cash,Delivered,15,623.56,112
983,358,20,2025-11-02,Bangalore,1185,50,30,Cash,Delivered,52,644.45,61
984,359,31,2025-06-27,Chennai,573,50,40,UPI,Delivered,53,313.98,50
985,360,28,2025-07-20,Delhi,972,100,20,Cash,Delivered,58,343.78,111
986,360,33,2025-08-16,Delhi,1624,150,40,UPI,Delivered,47,682.66,99
987,361,32,2025-07-16,Hyderabad,1572,0,50,UPI,Delivered,43,686.6,112
988,361,46,2025-07-10,Hyderabad,853,20,40,UPI,Cancelled,24,435.79,110
989,361,35,2025-03-03,Hyderabad,1621,0,50,UPI,Delivered,53,756.54,101
990,361,16,2025-03-28,Hyderabad,567,20,30,UPI,Delivered,29,295.36,129
991,362,38,2025-05-10,Bangalore,883,0,40,Card,Delivered,31,325.07,112
992,363,43,2025-05-28,Delhi,1110,50,40,UPI,Delivered,46,506.99,95
993,363,42,2025-08-05,Delhi,1461,150,20,Card,Delivered,27,812.32,40
994,364,10,2025-08-17,Mumbai,1700,0,40,Cash,Cancelled,29,987.44,99
995,365,49,2025-04-01,Pune,1005,20,40,Cash,Delivered,32,401.62,110
996,365,13,2025-08-05,Pune,1534,0,20,UPI,Delivered,60,669.38,85
997,366,19,2025-11-18,Mumbai,1113,0,20,Wallet,Delivered,37,520.17,129
998,367,15,2025-08-20,Mumbai,1137,0,30,Card,Delivered,39,624.87,139
999,368,13,2025-05-16,Chennai,502,50,50,Cash,Delivered,50,253.0,69
1000,369,42,2025-07-08,Pune,642,150,50,UPI,Delivered,35,372.57,70
1001,369,24,2025-07-26,Pune,1592,20,30,UPI,Delivered,33,929.88,54
1002,369,40,2025-07-18,Pune,628,150,40,Cash,Delivered,44,315.82,127
1003,369,3,2025-07-24,Pune,550,150,50,Cash,Delivered,23,315.79,70
1004,369,7,2025-04-07,Pune,1337,0,40,Card,Delivered,35,793.05,50
1005,370,10,2025-03-14,Delhi,1218,20,50,Cash,Delivered,60,553.3,109
1006,371,24,2025-09-10,Delhi,665,0,20,UPI,Delivered,36,375.64,101
1007,371,34,2025-05-12,Delhi,291,0,20,Cash,Delivered,41,148.12,69
1008,372,34,2025-12-24,Mumbai,505,50,20,Wallet,Delivered,35,230.62,71
1009,373,10,2025-09-20,Hyderabad,1493,0,30,UPI,Delivered,40,524.52,41
1010,373,21,2025-08-14,Hyderabad,1706,0,50,Card,Delivered,34,1001.18,127
1011,373,9,2025-12-08,Hyderabad,635,100,40,UPI,Delivered,17,313.76,118
1012,373,38,2025-06-27,Hyderabad,1393,50,40,Cash,Delivered,59,662.13,86
1013,373,19,2025-11-26,Hyderabad,647,100,50,Wallet,Delivered,33,253.84,70
1014,373,19,2025-02-20,Hyderabad,664,50,20,UPI,Delivered,41,263.73,121
1015,373,25,2025-07-19,Hyderabad,314,150,30,UPI,Delivered,44,139.58,98
1016,373,36,2025-02-13,Hyderabad,1735,20,20,UPI,Delivered,39,824.39,61
1017,373,8,2025-04-29,Hyderabad,315,50,30,Card,Delivered,53,160.79,131
1018,374,50,2025-11-06,Pune,1385,150,30,Wallet,Cancelled,51,594.17,138
1019,375,1,2025-06-04,Pune,639,20,50,Card,Cancelled,43,282.19,129
1020,375,5,2025-09-25,Pune,277,0,40,Card,Delivered,46,162.81,62
1021,376,46,2025-06-07,Hyderabad,1200,150,30,Wallet,Delivered,40,576.1,132
1022,377,17,2025-09-23,Hyderabad,487,20,20,Card,Delivered,40,259.39,140
1023,377,12,2025-03-08,Hyderabad,264,0,40,Wallet,Delivered,27,130.17,121
1024,377,11,2025-12-12,Hyderabad,568,50,20,Wallet,Delivered,58,324.18,68
1025,377,39,2025-10-15,Hyderabad,858,20,30,Cash,Delivered,30,318.87,42
1026,377,50,2025-01-28,Hyderabad,561,150,20,Card,Delivered,23,251.89,82
1027,377,22,2025-12-15,Hyderabad,1423,20,40,Card,Delivered,32,773.68,135
1028,377,30,2025-03-07,Hyderabad,976,150,30,Cash,Delivered,43,408.8,127
1029,377,33,2025-03-15,Hyderabad,511,50,50,UPI,Delivered,48,286.08,56
1030,378,13,2025-08-17,Hyderabad,980,150,50,Card,Delivered,37,478.63,54
1031,379,24,2025-11-29,Chennai,754,50,40,UPI,Delivered,38,313.33,117
1032,379,11,2025-02-14,Chennai,349,0,50,Cash,Delivered,23,132.9,112
1033,379,22,2025-07-17,Chennai,267,100,30,Wallet,Delivered,16,129.2,59
1034,379,46,2025-10-24,Chennai,719,100,30,UPI,Delivered,25,380.62,84
1035,380,4,2025-07-20,Bangalore,1349,0,40,UPI,Delivered,41,678.89,107
1036,381,41,2025-09-19,Chennai,1677,100,50,Cash,Delivered,20,997.65,53
1037,382,17,2025-01-09,Mumbai,1735,100,30,Card,Delivered,41,745.26,95
1038,383,23,2025-09-22,Hyderabad,1751,20,30,Card,Cancelled,57,888.47,86
1039,384,22,2025-11-20,Chennai,927,100,40,Wallet,Delivered,21,353.53,56
1040,384,4,2025-06-30,Chennai,873,100,50,Cash,Delivered,33,488.07,80
1041,384,1,2025-07-07,Chennai,1786,0,50,UPI,Cancelled,22,873.24,69
1042,384,21,2025-12-03,Chennai,1306,0,20,UPI,Delivered,35,554.37,54
1043,385,7,2025-11-28,Chennai,825,20,50,Cash,Delivered,59,448.67,129
1044,386,22,2025-05-02,Mumbai,694,0,20,Wallet,Delivered,21,286.16,52
1045,387,1,2025-07-31,Delhi,1296,50,50,Wallet,Delivered,29,627.29,98
1046,388,29,2025-12-06,Bangalore,1340,50,30,Card,Delivered,56,731.9,51
1047,389,27,2025-07-29,Mumbai,264,150,50,Wallet,Cancelled,35,109.31,97
1048,389,37,2025-11-29,Mumbai,1128,0,30,Card,Delivered,21,485.64,118
1049,389,33,2025-09-12,Mumbai,589,0,30,Wallet,Cancelled,17,227.97,88
1050,389,28,2025-11-20,Mumbai,1115,0,50,Cash,Delivered,54,610.76,44
1051,389,27,2025-02-09,Mumbai,1213,100,30,Card,Delivered,32,576.56,122
1052,389,10,2025-06-25,Mumbai,1287,20,50,Cash,Delivered,21,689.98,96
1053,389,22,2025-06-14,Mumbai,1666,0,50,Cash,Delivered,42,825.43,119
1054,390,31,2025-11-14,Bangalore,1462,150,30,UPI,Delivered,41,853.04,86
1055,390,33,2025-11-05,Bangalore,860,100,30,Card,Delivered,16,310.18,81
1056,391,33,2025-04-24,Chennai,795,20,30,UPI,Delivered,45,389.04,133
1057,391,13,2025-12-21,Chennai,1164,150,20,Cash,Delivered,37,576.53,105
1058,392,24,2025-11-13,Mumbai,456,150,30,Wallet,Delivered,27,178.08,80
1059,392,21,2025-01-18,Mumbai,741,20,20,Wallet,Delivered,18,431.8,121
1060,392,18,2025-08-31,Mumbai,1593,100,20,UPI,Delivered,48,693.55,91
1061,392,43,2025-11-27,Mumbai,1392,100,30,UPI,Delivered,53,504.88,94
1062,392,13,2025-11-15,Mumbai,1084,20,40,Card,Delivered,60,508.05,90
1063,393,37,2025-03-04,Hyderabad,581,0,50,UPI,Delivered,59,256.84,54
1064,393,37,2025-04-11,Hyderabad,287,150,20,UPI,Delivered,35,104.61,81
1065,393,2,2025-01-23,Hyderabad,511,50,30,Card,Delivered,17,196.87,92
1066,394,46,2025-02-09,Bangalore,587,0,30,Wallet,Cancelled,48,345.36,94
1067,395,15,2025-07-03,Bangalore,1104,50,30,Wallet,Cancelled,49,616.98,67
1068,396,45,2025-05-31,Delhi,1294,20,40,Cash,Delivered,55,504.78,128
1069,396,6,2025-12-16,Delhi,251,0,40,Cash,Delivered,44,143.56,74
1070,397,19,2025-08-20,Mumbai,545,20,20,Cash,Delivered,44,246.19,76
1071,398,31,2025-05-12,Hyderabad,1311,100,40,Card,Delivered,47,462.64,115
1072,398,48,2025-01-03,Hyderabad,1162,150,50,Cash,Cancelled,20,598.8,88
1073,398,16,2025-04-27,Hyderabad,1354,150,50,Card,Delivered,43,689.88,69
1074,398,39,2025-03-01,Hyderabad,580,150,50,UPI,Delivered,56,277.66,94
1075,399,44,2025-03-23,Delhi,1424,0,20,Wallet,Cancelled,40,760.52,53
1076,399,50,2025-12-29,Delhi,1496,0,40,Card,Delivered,31,891.16,57
1077,399,42,2025-01-09,Delhi,1498,0,50,UPI,Delivered,40,802.29,57
1078,399,14,2025-01-29,Delhi,505,20,20,Card,Delivered,35,252.95,46
1079,399,22,2025-07-31,Delhi,633,150,30,UPI,Delivered,34,329.03,103
1080,400,25,2025-05-05,Bangalore,380,50,40,Card,Delivered,29,144.05,108
1081,401,41,2025-05-08,Bangalore,1160,0,50,Wallet,Delivered,28,645.77,42
1082,402,16,2025-07-16,Hyderabad,849,50,20,Cash,Delivered,59,428.84,137
1083,402,10,2025-11-15,Hyderabad,462,0,50,UPI,Cancelled,40,197.75,96
1084,402,13,2025-09-10,Hyderabad,823,20,50,Cash,Delivered,16,487.29,136
1085,402,43,2025-08-14,Hyderabad,966,0,20,Wallet,Cancelled,29,347.46,106
1086,402,7,2025-04-22,Hyderabad,345,150,20,Wallet,Delivered,15,199.0,109
1087,402,35,2025-08-25,Hyderabad,1065,0,30,UPI,Cancelled,24,385.08,59
1088,402,4,2025-01-12,Hyderabad,1705,0,40,Cash,Cancelled,52,737.86,126
1089,402,31,2025-06-02,Hyderabad,340,0,20,UPI,Delivered,19,178.91,88
1090,402,44,2025-03-18,Hyderabad,1298,100,20,Card,Delivered,48,709.16,71
1091,403,13,2025-07-07,Chennai,748,100,50,Cash,Delivered,29,296.22,133
1092,404,39,2025-01-12,Chennai,1468,150,50,Cash,Cancelled,39,743.94,83
1093,404,23,2025-06-02,Chennai,1566,50,50,Cash,Delivered,37,740.77,56
1094,404,28,2025-05-20,Chennai,1307,20,20,UPI,Delivered,44,517.16,43
1095,404,33,2025-04-07,Chennai,1244,0,50,Cash,Delivered,18,659.24,73
1096,405,27,2025-05-10,Delhi,1285,150,30,UPI,Delivered,40,583.6,55
1097,405,14,2025-11-14,Delhi,514,150,50,UPI,Delivered,30,248.34,75
1098,405,2,2025-06-23,Delhi,418,0,20,Cash,Delivered,25,186.8,44
1099,405,12,2025-09-26,Delhi,804,0,20,Cash,Delivered,35,473.65,76
1100,405,35,2025-11-30,Delhi,1005,50,30,Card,Delivered,42,476.05,56
1101,406,21,2025-02-12,Hyderabad,1199,0,30,Wallet,Delivered,50,456.54,119
1102,407,45,2025-12-10,Bangalore,1481,20,40,Cash,Delivered,15,782.82,138
1103,407,29,2025-10-02,Bangalore,1124,150,50,UPI,Delivered,42,443.93,113
1104,408,50,2025-08-31,Delhi,1543,0,30,Cash,Delivered,34,559.81,133
1105,409,37,2025-04-30,Chennai,1133,20,40,Cash,Delivered,35,506.28,61
1106,409,20,2025-11-25,Chennai,942,0,30,Wallet,Delivered,49,441.82,68
1107,409,17,2025-12-13,Chennai,1312,20,50,Cash,Delivered,55,619.48,90
1108,409,41,2025-12-03,Chennai,756,100,20,UPI,Delivered,53,309.95,62
1109,409,22,2025-02-24,Chennai,1269,0,50,Cash,Delivered,53,599.54,80
1110,409,9,2025-10-15,Chennai,581,100,30,UPI,Delivered,42,266.21,108
1111,409,20,2025-01-13,Chennai,865,0,40,Cash,Delivered,35,355.91,51
1112,409,33,2025-02-27,Chennai,1046,20,20,Cash,Delivered,34,568.58,68
1113,409,19,2025-11-18,Chennai,1149,100,20,Wallet,Delivered,31,620.75,74
1114,409,40,2025-10-28,Chennai,399,100,40,UPI,Cancelled,31,183.15,68
1115,409,36,2025-07-15,Chennai,1365,0,50,Cash,Delivered,53,760.36,80
1116,409,10,2025-12-10,Chennai,350,0,30,Wallet,Delivered,48,185.33,42
1117,410,12,2025-03-04,Mumbai,1260,20,30,Card,Delivered,35,463.88,108
1118,411,23,2025-04-22,Pune,372,0,20,Card,Delivered,58,173.84,63
1119,411,1,2025-05-08,Pune,688,100,20,Card,Delivered,29,386.56,53
1120,411,6,2025-02-19,Pune,696,150,50,Card,Delivered,25,326.06,54
1121,411,35,2025-06-02,Pune,616,150,40,Card,Delivered,35,234.11,76
1122,411,33,2025-06-26,Pune,473,0,20,Cash,Delivered,24,207.97,100
1123,411,40,2025-03-29,Pune,296,50,50,Wallet,Delivered,30,172.12,73
1124,411,9,2025-03-14,Pune,1330,0,20,Card,Cancelled,47,528.6,100
1125,411,38,2025-12-03,Pune,337,0,40,Cash,Delivered,26,165.11,132
1126,411,7,2025-03-25,Pune,737,20,50,UPI,Cancelled,43,330.64,108
1127,412,7,2025-12-31,Pune,972,0,30,UPI,Delivered,47,465.72,60
1128,413,36,2025-12-16,Pune,1394,0,40,Wallet,Delivered,27,509.32,106
1129,413,28,2025-05-09,Pune,366,0,40,Cash,Delivered,24,161.25,53
1130,413,39,2025-09-12,Pune,675,20,20,Wallet,Delivered,24,255.21,84
1131,414,2,2025-08-28,Bangalore,1402,150,40,UPI,Delivered,44,499.05,51
1132,414,38,2025-04-21,Bangalore,1335,0,20,UPI,Delivered,32,568.56,114
1133,415,29,2025-09-06,Bangalore,1445,20,30,UPI,Delivered,49,514.78,128
1134,416,7,2025-10-21,Chennai,1138,50,30,Cash,Delivered,17,633.72,78
1135,416,26,2025-10-29,Chennai,752,20,40,Card,Delivered,19,291.7,130
1136,417,35,2025-05-16,Chennai,1175,100,50,Cash,Delivered,36,539.0,59
1137,417,12,2025-08-19,Chennai,449,0,30,Card,Delivered,56,261.52,65
1138,418,31,2025-01-24,Mumbai,865,100,20,Wallet,Cancelled,41,451.7,128
1139,418,24,2025-12-31,Mumbai,1581,50,30,UPI,Delivered,29,843.4,92
1140,418,41,2025-08-12,Mumbai,294,100,50,Wallet,Delivered,34,172.82,122
1141,418,49,2025-08-14,Mumbai,936,0,50,Cash,Delivered,39,333.03,102
1142,418,49,2025-07-12,Mumbai,1405,20,20,Cash,Delivered,17,697.62,79
1143,418,8,2025-02-24,Mumbai,863,0,20,UPI,Delivered,36,463.28,99
1144,418,16,2025-11-09,Mumbai,1416,100,30,Card,Delivered,45,623.09,135
1145,418,11,2025-06-22,Mumbai,626,100,50,Wallet,Cancelled,45,259.75,103
1146,418,23,2025-09-17,Mumbai,327,150,20,UPI,Delivered,45,175.84,107
1147,418,35,2025-03-05,Mumbai,642,20,50,Cash,Delivered,39,300.3,41
1148,418,39,2025-06-19,Mumbai,1420,0,40,Wallet,Cancelled,53,782.12,132
1149,419,14,2025-08-15,Mumbai,744,0,20,Card,Delivered,28,361.05,62
1150,420,42,2025-08-07,Pune,955,100,30,Cash,Cancelled,35,531.04,46
1151,421,32,2025-08-29,Chennai,1307,20,20,Cash,Delivered,60,470.44,86
1152,421,1,2025-10-23,Chennai,1184,150,50,Wallet,Cancelled,30,582.58,132
1153,421,30,2025-07-02,Chennai,1553,0,40,UPI,Delivered,52,682.07,88
1154,421,28,2025-05-28,Chennai,857,0,30,Wallet,Delivered,25,464.07,85
1155,421,36,2025-11-07,Chennai,979,100,40,UPI,Delivered,60,343.14,91
1156,422,37,2025-08-08,Chennai,896,0,50,UPI,Delivered,20,483.56,59
1157,422,13,2025-02-16,Chennai,1395,20,30,Cash,Delivered,38,615.83,52
1158,423,18,2025-04-07,Chennai,1130,20,20,Cash,Delivered,28,656.6,46
1159,423,5,2025-11-09,Chennai,987,50,50,Card,Delivered,54,552.69,89
1160,423,42,2025-04-10,Chennai,1783,50,40,Wallet,Cancelled,53,797.97,77
1161,423,44,2025-03-07,Chennai,1654,100,30,UPI,Delivered,56,762.79,50
1162,424,50,2025-10-22,Mumbai,957,50,30,Card,Cancelled,53,347.11,41
1163,424,31,2025-12-29,Mumbai,768,0,30,Card,Cancelled,60,302.8,116
1164,425,50,2025-06-10,Delhi,720,50,50,UPI,Delivered,29,280.19,65
1165,425,9,2025-11-06,Delhi,513,0,30,Wallet,Delivered,45,299.57,110
1166,426,23,2025-03-13,Chennai,760,20,40,Wallet,Delivered,44,345.54,122
1167,426,16,2025-10-30,Chennai,1691,50,50,Card,Delivered,33,752.31,80
1168,427,46,2025-11-10,Pune,1584,0,40,Card,Delivered,39,706.59,84
1169,427,10,2025-10-01,Pune,1702,0,30,UPI,Delivered,27,737.34,57
1170,428,25,2025-12-04,Mumbai,768,20,40,Cash,Delivered,36,402.21,56
1171,428,11,2025-06-15,Mumbai,281,50,20,Wallet,Cancelled,18,142.41,55
1172,429,34,2025-08-19,Mumbai,493,0,50,Cash,Delivered,41,217.17,67
1173,429,9,2025-02-05,Mumbai,875,100,20,Cash,Delivered,17,433.79,113
1174,430,15,2025-03-05,Chennai,1532,150,50,UPI,Cancelled,23,758.89,136
1175,430,37,2025-06-01,Chennai,1757,0,30,Card,Delivered,25,771.09,45
1176,430,21,2025-05-12,Chennai,902,0,20,UPI,Delivered,54,527.31,61
1177,430,36,2025-03-23,Chennai,1624,0,20,UPI,Cancelled,51,793.01,94
1178,430,47,2025-06-16,Chennai,1738,0,20,Card,Delivered,55,715.54,100
1179,430,31,2025-06-28,Chennai,506,150,50,Wallet,Delivered,55,260.36,115
1180,430,14,2025-11-11,Chennai,1138,150,20,UPI,Delivered,39,594.69,82
1181,430,23,2025-01-27,Chennai,496,100,30,UPI,Cancelled,37,216.67,82
1182,430,42,2025-06-29,Chennai,613,150,20,Card,Delivered,54,289.61,81
1183,430,14,2025-11-18,Chennai,579,100,50,UPI,Delivered,38,288.69,56
1184,430,49,2025-05-23,Chennai,1281,0,40,UPI,Delivered,17,665.73,136
1185,431,47,2025-03-31,Delhi,662,20,20,Card,Delivered,43,333.58,128
1186,431,49,2025-05-23,Delhi,555,0,20,Cash,Delivered,40,225.65,73
1187,431,24,2025-11-14,Delhi,950,0,30,Cash,Delivered,48,399.63,73
1188,431,6,2025-03-10,Delhi,917,50,50,Cash,Delivered,51,394.54,47
1189,432,10,2025-09-15,Chennai,672,20,30,Cash,Delivered,58,360.26,59
1190,433,21,2025-03-16,Bangalore,278,0,50,UPI,Delivered,29,129.93,112
1191,434,18,2025-02-04,Delhi,382,20,20,Cash,Delivered,50,134.18,115
1192,434,2,2025-06-03,Delhi,649,50,50,Wallet,Delivered,17,253.87,98
1193,434,45,2025-05-20,Delhi,1725,100,20,Card,Delivered,41,727.78,40
1194,435,47,2025-12-16,Delhi,839,100,30,Cash,Delivered,60,439.04,109
1195,435,11,2025-02-27,Delhi,1650,20,20,UPI,Cancelled,35,909.64,126
1196,435,48,2025-01-08,Delhi,1030,0,40,Cash,Delivered,23,361.66,115
1197,435,1,2025-10-20,Delhi,835,150,30,Cash,Delivered,21,430.79,133
1198,436,7,2025-03-24,Bangalore,845,0,20,Wallet,Delivered,46,376.64,109
1199,436,25,2025-08-12,Bangalore,1214,150,30,Cash,Delivered,36,468.86,111
1200,436,45,2025-09-10,Bangalore,558,100,50,UPI,Delivered,38,235.66,59
1201,437,14,2025-03-26,Mumbai,350,100,20,Wallet,Delivered,49,199.51,133
1202,437,32,2025-07-30,Mumbai,1123,100,20,UPI,Delivered,48,627.84,129
1203,438,36,2025-06-04,Bangalore,1748,0,50,Card,Delivered,17,739.39,49
1204,438,14,2025-12-28,Bangalore,1231,0,30,Card,Delivered,52,688.11,105
1205,439,24,2025-11-11,Mumbai,802,20,50,Wallet,Delivered,19,363.9,65
1206,439,36,2025-12-09,Mumbai,488,0,40,Wallet,Delivered,58,198.75,53
1207,440,34,2025-08-18,Bangalore,1614,150,40,UPI,Delivered,28,762.68,80
1208,441,4,2025-05-06,Hyderabad,335,100,20,Card,Delivered,48,179.08,60
1209,441,46,2025-04-11,Hyderabad,1043,150,40,Cash,Delivered,24,417.63,97
1210,442,43,2025-06-14,Chennai,1428,150,20,Card,Delivered,47,682.0,43
1211,443,5,2025-09-21,Chennai,1349,0,50,Wallet,Delivered,52,763.09,49
1212,443,13,2025-02-18,Chennai,1245,100,50,Wallet,Delivered,15,510.81,129
1213,444,39,2025-11-28,Bangalore,366,0,20,Wallet,Delivered,55,151.28,54
1214,445,8,2025-07-04,Chennai,728,20,20,Card,Delivered,26,266.89,132
1215,446,39,2025-03-20,Pune,372,0,30,Cash,Delivered,31,216.92,139
1216,446,40,2025-10-10,Pune,472,150,40,Wallet,Delivered,59,255.81,60
1217,447,49,2025-06-22,Delhi,1151,0,30,UPI,Delivered,29,467.91,55
1218,447,32,2025-07-13,Delhi,1025,100,50,Cash,Delivered,58,524.85,138
1219,447,23,2025-12-23,Delhi,824,20,50,UPI,Delivered,16,388.09,117
1220,447,3,2025-03-04,Delhi,1416,150,40,UPI,Delivered,55,836.59,106
1221,448,33,2025-02-02,Hyderabad,603,20,40,Wallet,Delivered,55,275.86,56
1222,449,6,2025-07-17,Bangalore,866,50,40,UPI,Delivered,22,499.0,84
1223,449,48,2025-03-29,Bangalore,303,100,30,Card,Delivered,51,142.71,41
1224,450,27,2025-12-13,Hyderabad,1269,20,50,Card,Cancelled,27,656.53,97
1225,451,34,2025-05-31,Hyderabad,965,20,30,UPI,Delivered,29,448.79,74
1226,452,2,2025-06-21,Hyderabad,1098,0,50,Wallet,Delivered,28,479.2,124
1227,452,18,2025-03-21,Hyderabad,450,0,20,Wallet,Delivered,20,203.48,112
1228,453,1,2025-09-30,Mumbai,340,0,20,UPI,Delivered,39,193.64,123
1229,453,3,2025-01-20,Mumbai,1677,50,50,Wallet,Delivered,16,749.91,70
1230,454,47,2025-11-20,Pune,745,50,20,Cash,Delivered,35,359.89,135
1231,454,32,2025-03-13,Pune,982,100,40,UPI,Cancelled,17,499.44,78
1232,455,30,2025-10-05,Pune,1333,0,40,Card,Delivered,31,660.78,139
1233,455,18,2025-04-27,Pune,601,20,20,Cash,Delivered,29,295.71,122
1234,455,3,2025-07-20,Pune,1719,150,30,Card,Cancelled,22,1028.89,117
1235,455,20,2025-03-19,Pune,1046,100,50,Cash,Cancelled,39,565.5,46
1236,455,24,2025-02-17,Pune,1445,150,20,Cash,Delivered,39,571.51,54
1237,455,15,2025-12-23,Pune,1143,100,40,Wallet,Delivered,43,438.27,62
1238,455,33,2025-02-12,Pune,284,0,20,Card,Delivered,18,130.83,64
1239,456,1,2025-09-14,Bangalore,442,50,40,Wallet,Delivered,41,220.09,93
1240,456,3,2025-09-07,Bangalore,1253,20,50,Wallet,Delivered,32,673.94,106
1241,457,41,2025-05-05,Delhi,915,0,20,UPI,Delivered,24,407.45,88
1242,458,17,2025-03-19,Chennai,934,0,20,Wallet,Delivered,38,494.02,125
1243,459,32,2025-03-22,Delhi,1364,150,20,Wallet,Cancelled,58,685.02,54
1244,459,6,2025-07-03,Delhi,705,0,30,Wallet,Cancelled,36,399.6,100
1245,459,11,2025-11-24,Delhi,1561,50,30,Cash,Delivered,26,589.23,123
1246,459,30,2025-02-19,Delhi,271,100,40,UPI,Delivered,60,158.41,77
1247,459,1,2025-07-22,Delhi,343,20,40,Wallet,Cancelled,28,188.11,105
1248,459,10,2025-09-14,Delhi,1243,150,20,Card,Delivered,36,722.96,72
1249,459,43,2025-10-10,Delhi,1115,20,40,Cash,Delivered,42,555.07,40
1250,459,3,2025-06-23,Delhi,467,50,20,Cash,Delivered,38,221.14,135
1251,459,31,2025-09-26,Delhi,1273,50,30,Cash,Delivered,24,545.98,103
1252,459,17,2025-01-12,Delhi,1446,100,40,Cash,Delivered,30,856.94,44
1253,460,36,2025-03-26,Hyderabad,1628,100,30,UPI,Delivered,58,779.62,71
1254,461,26,2025-07-24,Bangalore,1215,0,30,Cash,Delivered,40,489.02,96
1255,461,22,2025-04-18,Bangalore,1456,100,40,Wallet,Delivered,23,769.67,108
1256,462,3,2025-01-31,Chennai,1704,150,40,Card,Cancelled,39,975.28,128
1257,463,43,2025-08-23,Hyderabad,340,0,30,Card,Cancelled,32,124.13,89
1258,464,28,2025-12-04,Delhi,1252,50,50,Wallet,Delivered,46,640.73,83
1259,465,29,2025-03-30,Bangalore,1334,100,30,Cash,Delivered,54,792.78,122
1260,466,46,2025-09-02,Delhi,1373,150,20,Cash,Delivered,53,551.94,94
1261,467,34,2025-02-14,Delhi,1010,0,20,Wallet,Delivered,49,405.07,52
1262,467,14,2025-12-19,Delhi,609,0,20,UPI,Delivered,35,351.73,102
1263,468,10,2025-05-26,Pune,687,50,20,Wallet,Delivered,27,341.62,133
1264,468,39,2025-05-19,Pune,271,100,30,UPI,Delivered,51,153.14,63
1265,469,50,2025-12-04,Chennai,750,150,40,Wallet,Delivered,28,319.93,109
1266,469,40,2025-09-08,Chennai,668,50,20,Cash,Delivered,48,295.95,86
1267,469,48,2025-10-08,Chennai,1225,150,20,Wallet,Delivered,54,676.85,63
1268,469,16,2025-10-18,Chennai,807,20,40,Cash,Delivered,51,299.93,61
1269,470,46,2025-02-11,Hyderabad,681,0,20,Card,Delivered,24,399.7,62
1270,470,19,2025-06-20,Hyderabad,1041,150,30,Cash,Delivered,32,404.83,54
1271,470,38,2025-10-02,Hyderabad,1174,50,20,Wallet,Delivered,49,539.1,48
1272,470,34,2025-06-06,Hyderabad,426,100,20,Wallet,Delivered,57,169.81,92
1273,470,23,2025-01-28,Hyderabad,1686,20,40,Wallet,Delivered,58,641.27,47
1274,470,38,2025-01-01,Hyderabad,1055,20,30,Card,Delivered,51,465.48,54
1275,470,35,2025-10-19,Hyderabad,1638,150,40,Card,Delivered,54,638.71,63
1276,470,8,2025-08-02,Hyderabad,536,100,40,UPI,Cancelled,58,232.58,130
1277,470,10,2025-07-05,Hyderabad,412,100,50,Card,Delivered,44,199.92,79
1278,470,39,2025-06-11,Hyderabad,451,0,30,Wallet,Delivered,46,217.94,76
1279,471,49,2025-12-17,Bangalore,836,150,50,UPI,Delivered,33,455.2,127
1280,471,8,2025-09-03,Bangalore,1748,0,40,Cash,Delivered,51,849.54,110
1281,472,13,2025-12-26,Mumbai,877,100,50,Cash,Cancelled,40,490.75,63
1282,472,24,2025-06-07,Mumbai,892,100,20,Cash,Delivered,18,405.3,136
1283,473,2,2025-07-02,Mumbai,876,100,50,UPI,Delivered,15,445.34,76
1284,473,41,2025-04-20,Mumbai,749,0,50,Card,Delivered,32,368.38,131
1285,473,36,2025-08-27,Mumbai,405,0,20,Wallet,Delivered,53,171.08,89
1286,473,29,2025-11-14,Mumbai,1765,20,40,Cash,Delivered,24,778.98,85
1287,473,18,2025-09-20,Mumbai,385,0,40,UPI,Delivered,29,175.25,78
1288,473,4,2025-09-27,Mumbai,585,150,30,Wallet,Delivered,45,311.56,46
1289,473,48,2025-07-04,Mumbai,393,100,20,Wallet,Delivered,46,175.73,130
1290,473,24,2025-02-03,Mumbai,1644,0,20,Cash,Delivered,35,826.01,78
1291,473,26,2025-02-17,Mumbai,425,0,40,Wallet,Delivered,37,190.15,117
1292,473,43,2025-08-31,Mumbai,451,20,20,Cash,Delivered,49,203.14,113
1293,473,38,2025-03-12,Mumbai,1153,0,40,Wallet,Delivered,56,598.62,112
1294,474,15,2025-07-05,Mumbai,852,100,50,Cash,Delivered,43,471.17,46
1295,474,20,2025-08-13,Mumbai,1335,100,20,Card,Delivered,30,719.53,130
1296,475,41,2025-09-11,Delhi,1472,0,40,Card,Delivered,51,601.08,117
1297,476,4,2025-04-07,Pune,1449,20,40,Wallet,Delivered,60,829.66,82
1298,477,24,2025-06-18,Chennai,733,50,40,UPI,Delivered,44,289.76,62
1299,478,22,2025-10-17,Hyderabad,660,150,20,Cash,Delivered,44,267.39,129
1300,478,31,2025-04-10,Hyderabad,1380,20,40,UPI,Delivered,17,604.95,126
1301,478,48,2025-09-29,Hyderabad,1103,100,40,Wallet,Delivered,40,558.48,74
1302,478,50,2025-09-20,Hyderabad,1014,0,30,UPI,Delivered,32,519.18,57
1303,478,43,2025-10-03,Hyderabad,1355,50,40,UPI,Delivered,41,706.09,133
1304,478,50,2025-08-22,Hyderabad,1711,0,40,Cash,Delivered,48,773.46,88
1305,478,34,2025-05-26,Hyderabad,266,0,20,Wallet,Delivered,60,113.58,76
1306,479,2,2025-03-24,Delhi,809,50,20,UPI,Delivered,43,421.54,113
1307,480,9,2025-11-25,Delhi,1587,0,50,Card,Delivered,49,743.27,73
1308,481,22,2025-06-10,Delhi,715,20,30,Card,Delivered,41,351.41,120
1309,481,30,2025-04-08,Delhi,1199,50,40,UPI,Delivered,50,702.38,138
1310,481,45,2025-10-23,Delhi,861,0,20,UPI,Delivered,36,399.22,61
1311,482,38,2025-08-19,Hyderabad,1621,100,30,UPI,Delivered,17,652.1,56
1312,483,49,2025-01-29,Bangalore,870,100,20,UPI,Delivered,60,342.11,111
1313,484,38,2025-07-03,Pune,953,150,30,Cash,Delivered,46,469.16,139
1314,485,37,2025-06-27,Chennai,603,0,40,Cash,Delivered,42,247.2,42
1315,485,50,2025-09-06,Chennai,929,150,30,UPI,Delivered,21,438.05,125
1316,486,49,2025-04-20,Bangalore,928,0,40,Cash,Delivered,42,482.86,119
1317,486,5,2025-03-30,Bangalore,505,50,30,Cash,Delivered,32,197.56,137
1318,487,13,2025-06-19,Bangalore,1153,150,50,UPI,Delivered,40,647.89,129
1319,487,2,2025-09-03,Bangalore,1327,100,40,Wallet,Cancelled,32,679.67,122
1320,488,18,2025-05-10,Pune,1749,50,50,Wallet,Delivered,39,846.0,119
1321,488,5,2025-06-26,Pune,581,20,40,Card,Cancelled,35,226.05,100
1322,489,27,2025-12-10,Hyderabad,1152,20,30,UPI,Delivered,60,622.16,45
1323,490,1,2025-02-07,Bangalore,1517,100,50,Card,Cancelled,43,608.2,77
1324,490,47,2025-06-02,Bangalore,1038,0,30,Wallet,Delivered,59,564.44,140
1325,490,15,2025-01-28,Bangalore,1130,0,20,Cash,Delivered,57,668.24,76
1326,490,18,2025-01-07,Bangalore,1331,20,50,UPI,Delivered,30,543.56,79
1327,491,20,2025-04-03,Mumbai,270,100,40,Cash,Delivered,18,121.48,80
1328,491,7,2025-01-17,Mumbai,754,150,40,Card,Delivered,37,443.81,101
1329,492,30,2025-01-04,Bangalore,441,150,40,UPI,Cancelled,39,200.81,69
1330,493,23,2025-02-22,Chennai,445,0,30,Wallet,Delivered,17,221.72,51
1331,493,40,2025-04-25,Chennai,322,0,20,Wallet,Delivered,30,137.59,120
1332,494,12,2025-06-27,Chennai,1720,0,30,Card,Delivered,18,899.47,82
1333,494,26,2025-01-13,Chennai,936,20,40,Wallet,Delivered,48,495.38,52
1334,495,37,2025-07-15,Bangalore,477,50,40,UPI,Cancelled,51,184.6,72
1335,495,41,2025-03-27,Bangalore,451,100,40,UPI,Delivered,17,187.56,47
1336,495,15,2025-01-07,Bangalore,913,20,40,Cash,Delivered,59,421.02,57
1337,495,24,2025-11-15,Bangalore,830,0,50,Card,Delivered,30,444.79,129
1338,495,30,2025-05-27,Bangalore,1070,150,50,Cash,Cancelled,42,586.07,63
1339,496,8,2025-05-10,Bangalore,894,100,40,Card,Delivered,32,376.33,57
1340,496,47,2025-12-08,Bangalore,1324,100,50,Wallet,Cancelled,38,589.9,102
1341,497,43,2025-08-22,Bangalore,815,0,50,Wallet,Delivered,44,432.67,122
1342,497,13,2025-02-01,Bangalore,428,50,20,Card,Delivered,27,239.57,73
1343,497,26,2025-03-14,Bangalore,457,20,20,Wallet,Delivered,36,246.93,89
1344,497,29,2025-05-24,Bangalore,912,150,20,UPI,Delivered,51,339.3,75
1345,497,35,2025-01-01,Bangalore,589,0,20,Card,Delivered,15,278.07,136
1346,498,42,2025-01-26,Pune,1074,50,40,Cash,Cancelled,50,481.78,116
1347,498,35,2025-04-25,Pune,907,50,30,UPI,Delivered,15,425.18,95
1348,499,40,2025-01-10,Hyderabad,1342,20,50,Card,Delivered,37,607.03,123
1349,500,39,2025-06-24,Hyderabad,1683,100,50,Wallet,Delivered,28,885.0,104
